STATION,STATION_NAME,DATE,Visibility,Temperature,Humidity,WindSpeed,HourlyWindDirection
WBAN:94846,CHICAGO OHARE INTERNATIONAL AIRPORT IL US,01-03-2014 00:51,10,30,56,9,330
WBAN:94846,CHICAGO OHARE INTERNATIONAL AIRPORT IL US,01-03-2014 01:51,10,30,58,0,0
WBAN:94846,CHICAGO OHARE INTERNATIONAL AIRPORT IL US,01-03-2014 02:51,6,29,72,8,330
WBAN:94846,CHICAGO OHARE INTERNATIONAL AIRPORT IL US,01-03-2014 03:51,0.75,28,81,0,0
WBAN:94846,CHICAGO OHARE INTERNATIONAL AIRPORT IL US,01-03-2014 04:51,10,26,78,11,350
WBAN:94846,CHICAGO OHARE INTERNATIONAL AIRPORT IL US,01-03-2014 05:51,10,25,72,11,360
WBAN:94846,CHICAGO OHARE INTERNATIONAL AIRPORT IL US,01-03-2014 06:51,5,23,72,7,360
WBAN:94846,CHICAGO OHARE INTERNATIONAL AIRPORT IL US,01-03-2014 07:51,10,21,68,11,360
WBAN:94846,CHICAGO OHARE INTERNATIONAL AIRPORT IL US,01-03-2014 08:51,9,21,65,9,360
WBAN:94846,CHICAGO OHARE INTERNATIONAL AIRPORT IL US,01-03-2014 09:51,10,21,62,9,360
WBAN:94846,CHICAGO OHARE INTERNATIONAL AIRPORT IL US,01-03-2014 10:51,10,21,59,11,340
WBAN:94846,CHICAGO OHARE INTERNATIONAL AIRPORT IL US,01-03-2014 11:51,10,21,54,9,360
WBAN:94846,CHICAGO OHARE INTERNATIONAL AIRPORT IL US,01-03-2014 12:51,10,22,50,10,340
WBAN:94846,CHICAGO OHARE INTERNATIONAL AIRPORT IL US,01-03-2014 13:51,10,22,55,8,10
WBAN:94846,CHICAGO OHARE INTERNATIONAL AIRPORT IL US,01-03-2014 14:51,10,20,65,13,350
WBAN:94846,CHICAGO OHARE INTERNATIONAL AIRPORT IL US,01-03-2014 15:51,6,18,68,14,360
WBAN:94846,CHICAGO OHARE INTERNATIONAL AIRPORT IL US,01-03-2014 16:51,5,16,74,9,360
WBAN:94846,CHICAGO OHARE INTERNATIONAL AIRPORT IL US,01-03-2014 17:51,0.5,15,74,9,10
WBAN:94846,CHICAGO OHARE INTERNATIONAL AIRPORT IL US,01-03-2014 18:51,1,14,77,9,350
WBAN:94846,CHICAGO OHARE INTERNATIONAL AIRPORT IL US,01-03-2014 19:51,1.5,13,74,9,360
WBAN:94846,CHICAGO OHARE INTERNATIONAL AIRPORT IL US,01-03-2014 20:51,2,12,77,11,350
WBAN:94846,CHICAGO OHARE INTERNATIONAL AIRPORT IL US,01-03-2014 21:51,0.75,11,77,13,350
WBAN:94846,CHICAGO OHARE INTERNATIONAL AIRPORT IL US,01-03-2014 22:51,2,11,73,10,350
WBAN:94846,CHICAGO OHARE INTERNATIONAL AIRPORT IL US,01-03-2014 23:51,2.5,11,70,11,360
WBAN:94846,CHICAGO OHARE INTERNATIONAL AIRPORT IL US,01-03-2014 23:59,10,32,61,10,0
WBAN:94846,CHICAGO OHARE INTERNATIONAL AIRPORT IL US,02-03-2014 00:51,1.5,10,73,10,340
WBAN:94846,CHICAGO OHARE INTERNATIONAL AIRPORT IL US,02-03-2014 01:51,4,10,69,9,10
WBAN:94846,CHICAGO OHARE INTERNATIONAL AIRPORT IL US,02-03-2014 02:51,2,10,73,8,360
WBAN:94846,CHICAGO OHARE INTERNATIONAL AIRPORT IL US,02-03-2014 03:51,4,9,70,14,350
WBAN:94846,CHICAGO OHARE INTERNATIONAL AIRPORT IL US,02-03-2014 04:51,9,9,58,10,350
WBAN:94846,CHICAGO OHARE INTERNATIONAL AIRPORT IL US,02-03-2014 05:51,9,8,57,10,350
WBAN:94846,CHICAGO OHARE INTERNATIONAL AIRPORT IL US,02-03-2014 06:51,10,7,57,13,340
WBAN:94846,CHICAGO OHARE INTERNATIONAL AIRPORT IL US,02-03-2014 07:51,10,7,57,14,350
WBAN:94846,CHICAGO OHARE INTERNATIONAL AIRPORT IL US,02-03-2014 08:51,10,8,57,14,330
WBAN:94846,CHICAGO OHARE INTERNATIONAL AIRPORT IL US,02-03-2014 09:51,10,9,55,10,330
WBAN:94846,CHICAGO OHARE INTERNATIONAL AIRPORT IL US,02-03-2014 10:51,10,10,55,13,340
WBAN:94846,CHICAGO OHARE INTERNATIONAL AIRPORT IL US,02-03-2014 11:51,10,12,56,8,350
WBAN:94846,CHICAGO OHARE INTERNATIONAL AIRPORT IL US,02-03-2014 12:51,10,13,54,14,340
WBAN:94846,CHICAGO OHARE INTERNATIONAL AIRPORT IL US,02-03-2014 13:51,10,12,53,11,330
WBAN:94846,CHICAGO OHARE INTERNATIONAL AIRPORT IL US,02-03-2014 14:51,10,12,53,14,340
WBAN:94846,CHICAGO OHARE INTERNATIONAL AIRPORT IL US,02-03-2014 15:51,10,11,51,9,350
WBAN:94846,CHICAGO OHARE INTERNATIONAL AIRPORT IL US,02-03-2014 16:51,10,9,52,11,330
WBAN:94846,CHICAGO OHARE INTERNATIONAL AIRPORT IL US,02-03-2014 17:51,10,7,50,13,330
WBAN:94846,CHICAGO OHARE INTERNATIONAL AIRPORT IL US,02-03-2014 18:51,10,6,45,13,340
WBAN:94846,CHICAGO OHARE INTERNATIONAL AIRPORT IL US,02-03-2014 19:51,10,5,42,14,340
WBAN:94846,CHICAGO OHARE INTERNATIONAL AIRPORT IL US,02-03-2014 20:51,10,4,40,9,330
WBAN:94846,CHICAGO OHARE INTERNATIONAL AIRPORT IL US,02-03-2014 21:51,10,2,44,8,350
WBAN:94846,CHICAGO OHARE INTERNATIONAL AIRPORT IL US,02-03-2014 22:51,10,3,40,10,350
WBAN:94846,CHICAGO OHARE INTERNATIONAL AIRPORT IL US,02-03-2014 23:51,10,2,42,8,350
WBAN:94846,CHICAGO OHARE INTERNATIONAL AIRPORT IL US,02-03-2014 23:59,10,32,61,10,0
WBAN:94846,CHICAGO OHARE INTERNATIONAL AIRPORT IL US,03-03-2014 00:51,10,2,42,11,360
WBAN:94846,CHICAGO OHARE INTERNATIONAL AIRPORT IL US,03-03-2014 01:51,10,1,44,9,340
WBAN:94846,CHICAGO OHARE INTERNATIONAL AIRPORT IL US,03-03-2014 02:51,10,0,44,10,340
WBAN:94846,CHICAGO OHARE INTERNATIONAL AIRPORT IL US,03-03-2014 03:51,10,-1,46,9,350
WBAN:94846,CHICAGO OHARE INTERNATIONAL AIRPORT IL US,03-03-2014 04:51,10,-1,46,13,350
WBAN:94846,CHICAGO OHARE INTERNATIONAL AIRPORT IL US,03-03-2014 05:51,10,-1,51,11,340
WBAN:94846,CHICAGO OHARE INTERNATIONAL AIRPORT IL US,03-03-2014 06:51,10,0,54,13,350
WBAN:94846,CHICAGO OHARE INTERNATIONAL AIRPORT IL US,03-03-2014 07:51,10,3,57,8,360
WBAN:94846,CHICAGO OHARE INTERNATIONAL AIRPORT IL US,03-03-2014 08:51,4,6,60,3,30
WBAN:94846,CHICAGO OHARE INTERNATIONAL AIRPORT IL US,03-03-2014 09:51,3,9,64,0,0
WBAN:94846,CHICAGO OHARE INTERNATIONAL AIRPORT IL US,03-03-2014 10:51,3,14,64,0,0
WBAN:94846,CHICAGO OHARE INTERNATIONAL AIRPORT IL US,03-03-2014 11:51,5,13,67,3,0
WBAN:94846,CHICAGO OHARE INTERNATIONAL AIRPORT IL US,03-03-2014 12:51,9,15,61,0,0
WBAN:94846,CHICAGO OHARE INTERNATIONAL AIRPORT IL US,03-03-2014 13:51,10,19,49,0,0
WBAN:94846,CHICAGO OHARE INTERNATIONAL AIRPORT IL US,03-03-2014 14:51,10,18,52,5,120
WBAN:94846,CHICAGO OHARE INTERNATIONAL AIRPORT IL US,03-03-2014 15:51,10,18,54,6,150
WBAN:94846,CHICAGO OHARE INTERNATIONAL AIRPORT IL US,03-03-2014 16:51,10,19,47,0,0
WBAN:94846,CHICAGO OHARE INTERNATIONAL AIRPORT IL US,03-03-2014 17:51,10,15,53,8,250
WBAN:94846,CHICAGO OHARE INTERNATIONAL AIRPORT IL US,03-03-2014 18:51,10,12,56,3,260
WBAN:94846,CHICAGO OHARE INTERNATIONAL AIRPORT IL US,03-03-2014 19:51,10,9,58,5,240
WBAN:94846,CHICAGO OHARE INTERNATIONAL AIRPORT IL US,03-03-2014 20:51,10,11,58,3,210
WBAN:94846,CHICAGO OHARE INTERNATIONAL AIRPORT IL US,03-03-2014 21:51,10,11,55,3,250
WBAN:94846,CHICAGO OHARE INTERNATIONAL AIRPORT IL US,03-03-2014 22:51,10,11,58,0,0
WBAN:94846,CHICAGO OHARE INTERNATIONAL AIRPORT IL US,03-03-2014 23:51,10,12,58,3,230
WBAN:94846,CHICAGO OHARE INTERNATIONAL AIRPORT IL US,03-03-2014 23:59,10,32,61,10,0
WBAN:94846,CHICAGO OHARE INTERNATIONAL AIRPORT IL US,04-03-2014 00:51,10,13,54,6,260
WBAN:94846,CHICAGO OHARE INTERNATIONAL AIRPORT IL US,04-03-2014 01:51,10,12,56,3,250
WBAN:94846,CHICAGO OHARE INTERNATIONAL AIRPORT IL US,04-03-2014 02:51,10,13,56,6,180
WBAN:94846,CHICAGO OHARE INTERNATIONAL AIRPORT IL US,04-03-2014 03:51,10,13,56,5,250
WBAN:94846,CHICAGO OHARE INTERNATIONAL AIRPORT IL US,04-03-2014 04:51,8,13,61,5,170
WBAN:94846,CHICAGO OHARE INTERNATIONAL AIRPORT IL US,04-03-2014 05:51,10,13,64,5,180
WBAN:94846,CHICAGO OHARE INTERNATIONAL AIRPORT IL US,04-03-2014 06:51,10,14,61,6,180
WBAN:94846,CHICAGO OHARE INTERNATIONAL AIRPORT IL US,04-03-2014 07:51,10,14,58,7,180
WBAN:94846,CHICAGO OHARE INTERNATIONAL AIRPORT IL US,04-03-2014 08:51,10,16,54,8,200
WBAN:94846,CHICAGO OHARE INTERNATIONAL AIRPORT IL US,04-03-2014 09:51,10,18,52,10,230
WBAN:94846,CHICAGO OHARE INTERNATIONAL AIRPORT IL US,04-03-2014 10:51,10,19,54,8,210
WBAN:94846,CHICAGO OHARE INTERNATIONAL AIRPORT IL US,04-03-2014 11:51,10,22,50,8,250
WBAN:94846,CHICAGO OHARE INTERNATIONAL AIRPORT IL US,04-03-2014 12:51,10,24,46,10,230
WBAN:94846,CHICAGO OHARE INTERNATIONAL AIRPORT IL US,04-03-2014 13:51,10,24,46,6,230
WBAN:94846,CHICAGO OHARE INTERNATIONAL AIRPORT IL US,04-03-2014 14:51,10,25,42,7,240
WBAN:94846,CHICAGO OHARE INTERNATIONAL AIRPORT IL US,04-03-2014 15:51,10,27,41,3,0
WBAN:94846,CHICAGO OHARE INTERNATIONAL AIRPORT IL US,04-03-2014 16:51,10,26,42,3,310
WBAN:94846,CHICAGO OHARE INTERNATIONAL AIRPORT IL US,04-03-2014 17:51,10,23,46,6,340
WBAN:94846,CHICAGO OHARE INTERNATIONAL AIRPORT IL US,04-03-2014 18:51,10,21,50,3,330
WBAN:94846,CHICAGO OHARE INTERNATIONAL AIRPORT IL US,04-03-2014 19:51,10,23,55,5,50
WBAN:94846,CHICAGO OHARE INTERNATIONAL AIRPORT IL US,04-03-2014 20:51,10,22,57,5,40
WBAN:94846,CHICAGO OHARE INTERNATIONAL AIRPORT IL US,04-03-2014 21:51,10,23,57,6,40
WBAN:94846,CHICAGO OHARE INTERNATIONAL AIRPORT IL US,04-03-2014 22:51,10,23,60,7,40
WBAN:94846,CHICAGO OHARE INTERNATIONAL AIRPORT IL US,04-03-2014 23:51,10,23,60,10,50
WBAN:94846,CHICAGO OHARE INTERNATIONAL AIRPORT IL US,04-03-2014 23:59,10,32,61,10,0
WBAN:94846,CHICAGO OHARE INTERNATIONAL AIRPORT IL US,05-03-2014 00:51,10,23,60,10,50
WBAN:94846,CHICAGO OHARE INTERNATIONAL AIRPORT IL US,05-03-2014 01:51,9,21,71,11,30
WBAN:94846,CHICAGO OHARE INTERNATIONAL AIRPORT IL US,05-03-2014 02:51,4,19,77,13,40
WBAN:94846,CHICAGO OHARE INTERNATIONAL AIRPORT IL US,05-03-2014 03:51,3,19,77,13,30
WBAN:94846,CHICAGO OHARE INTERNATIONAL AIRPORT IL US,05-03-2014 04:51,2.5,19,77,10,30
WBAN:94846,CHICAGO OHARE INTERNATIONAL AIRPORT IL US,05-03-2014 05:51,1.5,19,77,8,40
WBAN:94846,CHICAGO OHARE INTERNATIONAL AIRPORT IL US,05-03-2014 06:51,1,19,77,13,40
WBAN:94846,CHICAGO OHARE INTERNATIONAL AIRPORT IL US,05-03-2014 07:51,0.75,20,74,11,40
WBAN:94846,CHICAGO OHARE INTERNATIONAL AIRPORT IL US,05-03-2014 08:51,2,21,74,18,50
WBAN:94846,CHICAGO OHARE INTERNATIONAL AIRPORT IL US,05-03-2014 09:51,2.5,21,74,17,50
WBAN:94846,CHICAGO OHARE INTERNATIONAL AIRPORT IL US,05-03-2014 10:51,3,21,71,15,60
WBAN:94846,CHICAGO OHARE INTERNATIONAL AIRPORT IL US,05-03-2014 11:51,3,23,65,15,60
WBAN:94846,CHICAGO OHARE INTERNATIONAL AIRPORT IL US,05-03-2014 12:51,10,22,63,11,60
WBAN:94846,CHICAGO OHARE INTERNATIONAL AIRPORT IL US,05-03-2014 13:51,10,23,60,13,40
WBAN:94846,CHICAGO OHARE INTERNATIONAL AIRPORT IL US,05-03-2014 14:51,9,23,63,14,40
WBAN:94846,CHICAGO OHARE INTERNATIONAL AIRPORT IL US,05-03-2014 15:51,10,22,63,15,40
WBAN:94846,CHICAGO OHARE INTERNATIONAL AIRPORT IL US,05-03-2014 16:51,10,21,65,13,30
WBAN:94846,CHICAGO OHARE INTERNATIONAL AIRPORT IL US,05-03-2014 17:51,10,20,65,13,30
WBAN:94846,CHICAGO OHARE INTERNATIONAL AIRPORT IL US,05-03-2014 18:51,10,20,65,8,30
WBAN:94846,CHICAGO OHARE INTERNATIONAL AIRPORT IL US,05-03-2014 19:51,10,20,65,8,30
WBAN:94846,CHICAGO OHARE INTERNATIONAL AIRPORT IL US,05-03-2014 20:51,10,19,71,6,20
WBAN:94846,CHICAGO OHARE INTERNATIONAL AIRPORT IL US,05-03-2014 21:51,10,22,66,10,90
WBAN:94846,CHICAGO OHARE INTERNATIONAL AIRPORT IL US,05-03-2014 22:51,10,21,62,10,90
WBAN:94846,CHICAGO OHARE INTERNATIONAL AIRPORT IL US,05-03-2014 23:51,10,20,65,13,90
WBAN:94846,CHICAGO OHARE INTERNATIONAL AIRPORT IL US,05-03-2014 23:59,10,32,61,10,0
WBAN:94846,CHICAGO OHARE INTERNATIONAL AIRPORT IL US,06-03-2014 00:51,10,19,65,10,100
WBAN:94846,CHICAGO OHARE INTERNATIONAL AIRPORT IL US,06-03-2014 01:51,10,20,60,10,90
WBAN:94846,CHICAGO OHARE INTERNATIONAL AIRPORT IL US,06-03-2014 02:51,10,19,62,8,80
WBAN:94846,CHICAGO OHARE INTERNATIONAL AIRPORT IL US,06-03-2014 03:51,10,18,65,8,90
WBAN:94846,CHICAGO OHARE INTERNATIONAL AIRPORT IL US,06-03-2014 04:51,10,18,62,8,80
WBAN:94846,CHICAGO OHARE INTERNATIONAL AIRPORT IL US,06-03-2014 05:51,10,17,64,9,80
WBAN:94846,CHICAGO OHARE INTERNATIONAL AIRPORT IL US,06-03-2014 06:51,10,17,64,8,70
WBAN:94846,CHICAGO OHARE INTERNATIONAL AIRPORT IL US,06-03-2014 07:51,10,18,62,8,80
WBAN:94846,CHICAGO OHARE INTERNATIONAL AIRPORT IL US,06-03-2014 08:51,10,19,62,9,110
WBAN:94846,CHICAGO OHARE INTERNATIONAL AIRPORT IL US,06-03-2014 09:51,10,21,57,6,140
WBAN:94846,CHICAGO OHARE INTERNATIONAL AIRPORT IL US,06-03-2014 10:51,10,23,55,3,160
WBAN:94846,CHICAGO OHARE INTERNATIONAL AIRPORT IL US,06-03-2014 11:51,10,26,53,3,130
WBAN:94846,CHICAGO OHARE INTERNATIONAL AIRPORT IL US,06-03-2014 12:51,10,31,45,0,0
WBAN:94846,CHICAGO OHARE INTERNATIONAL AIRPORT IL US,06-03-2014 13:51,10,31,45,0,0
WBAN:94846,CHICAGO OHARE INTERNATIONAL AIRPORT IL US,06-03-2014 14:51,10,32,50,6,140
WBAN:94846,CHICAGO OHARE INTERNATIONAL AIRPORT IL US,06-03-2014 15:51,10,30,54,9,100
WBAN:94846,CHICAGO OHARE INTERNATIONAL AIRPORT IL US,06-03-2014 16:51,10,30,54,7,0
WBAN:94846,CHICAGO OHARE INTERNATIONAL AIRPORT IL US,06-03-2014 17:51,10,29,56,6,80
WBAN:94846,CHICAGO OHARE INTERNATIONAL AIRPORT IL US,06-03-2014 18:51,10,27,58,6,60
WBAN:94846,CHICAGO OHARE INTERNATIONAL AIRPORT IL US,06-03-2014 19:51,10,25,60,7,130
WBAN:94846,CHICAGO OHARE INTERNATIONAL AIRPORT IL US,06-03-2014 20:51,10,21,65,8,150
WBAN:94846,CHICAGO OHARE INTERNATIONAL AIRPORT IL US,06-03-2014 21:51,10,20,71,7,160
WBAN:94846,CHICAGO OHARE INTERNATIONAL AIRPORT IL US,06-03-2014 22:51,8,20,71,6,180
WBAN:94846,CHICAGO OHARE INTERNATIONAL AIRPORT IL US,06-03-2014 23:51,10,22,66,6,190
WBAN:94846,CHICAGO OHARE INTERNATIONAL AIRPORT IL US,06-03-2014 23:59,10,32,61,10,0
WBAN:94846,CHICAGO OHARE INTERNATIONAL AIRPORT IL US,07-03-2014 00:51,10,17,70,8,180
WBAN:94846,CHICAGO OHARE INTERNATIONAL AIRPORT IL US,07-03-2014 01:51,10,19,71,5,180
WBAN:94846,CHICAGO OHARE INTERNATIONAL AIRPORT IL US,07-03-2014 02:51,9,18,71,5,200
WBAN:94846,CHICAGO OHARE INTERNATIONAL AIRPORT IL US,07-03-2014 03:51,7,18,77,5,190
WBAN:94846,CHICAGO OHARE INTERNATIONAL AIRPORT IL US,07-03-2014 04:51,7,17,77,5,180
WBAN:94846,CHICAGO OHARE INTERNATIONAL AIRPORT IL US,07-03-2014 05:51,6,17,77,0,0
WBAN:94846,CHICAGO OHARE INTERNATIONAL AIRPORT IL US,07-03-2014 06:51,5,18,79,7,210
WBAN:94846,CHICAGO OHARE INTERNATIONAL AIRPORT IL US,07-03-2014 07:51,5,21,78,3,180
WBAN:94846,CHICAGO OHARE INTERNATIONAL AIRPORT IL US,07-03-2014 08:51,6,31,64,9,200
WBAN:94846,CHICAGO OHARE INTERNATIONAL AIRPORT IL US,07-03-2014 09:51,9,36,55,11,210
WBAN:94846,CHICAGO OHARE INTERNATIONAL AIRPORT IL US,07-03-2014 10:51,10,41,43,9,220
WBAN:94846,CHICAGO OHARE INTERNATIONAL AIRPORT IL US,07-03-2014 11:51,10,43,42,14,200
WBAN:94846,CHICAGO OHARE INTERNATIONAL AIRPORT IL US,07-03-2014 12:51,10,45,37,16,210
WBAN:94846,CHICAGO OHARE INTERNATIONAL AIRPORT IL US,07-03-2014 13:51,10,45,42,13,200
WBAN:94846,CHICAGO OHARE INTERNATIONAL AIRPORT IL US,07-03-2014 14:51,10,46,40,15,220
WBAN:94846,CHICAGO OHARE INTERNATIONAL AIRPORT IL US,07-03-2014 15:51,10,47,41,9,220
WBAN:94846,CHICAGO OHARE INTERNATIONAL AIRPORT IL US,07-03-2014 16:51,10,44,51,8,230
WBAN:94846,CHICAGO OHARE INTERNATIONAL AIRPORT IL US,07-03-2014 17:51,10,43,58,10,220
WBAN:94846,CHICAGO OHARE INTERNATIONAL AIRPORT IL US,07-03-2014 18:51,10,41,65,3,260
WBAN:94846,CHICAGO OHARE INTERNATIONAL AIRPORT IL US,07-03-2014 19:51,8,40,68,6,300
WBAN:94846,CHICAGO OHARE INTERNATIONAL AIRPORT IL US,07-03-2014 20:51,8,40,65,6,310
WBAN:94846,CHICAGO OHARE INTERNATIONAL AIRPORT IL US,07-03-2014 21:51,8,39,67,9,340
WBAN:94846,CHICAGO OHARE INTERNATIONAL AIRPORT IL US,07-03-2014 22:51,7,39,67,8,330
WBAN:94846,CHICAGO OHARE INTERNATIONAL AIRPORT IL US,07-03-2014 23:51,5,38,70,8,360
WBAN:94846,CHICAGO OHARE INTERNATIONAL AIRPORT IL US,07-03-2014 23:59,10,32,61,10,0
WBAN:94846,CHICAGO OHARE INTERNATIONAL AIRPORT IL US,08-03-2014 00:51,6,34,73,14,20
WBAN:94846,CHICAGO OHARE INTERNATIONAL AIRPORT IL US,08-03-2014 01:51,8,33,72,15,40
WBAN:94846,CHICAGO OHARE INTERNATIONAL AIRPORT IL US,08-03-2014 02:51,8,33,72,14,30
WBAN:94846,CHICAGO OHARE INTERNATIONAL AIRPORT IL US,08-03-2014 03:51,7,32,73,15,30
WBAN:94846,CHICAGO OHARE INTERNATIONAL AIRPORT IL US,08-03-2014 04:51,8,32,73,20,30
WBAN:94846,CHICAGO OHARE INTERNATIONAL AIRPORT IL US,08-03-2014 05:51,5,30,75,15,30
WBAN:94846,CHICAGO OHARE INTERNATIONAL AIRPORT IL US,08-03-2014 06:51,8,30,72,16,30
WBAN:94846,CHICAGO OHARE INTERNATIONAL AIRPORT IL US,08-03-2014 07:51,2,29,72,21,20
WBAN:94846,CHICAGO OHARE INTERNATIONAL AIRPORT IL US,08-03-2014 08:51,10,28,72,20,30
WBAN:94846,CHICAGO OHARE INTERNATIONAL AIRPORT IL US,08-03-2014 09:51,10,28,72,14,30
WBAN:94846,CHICAGO OHARE INTERNATIONAL AIRPORT IL US,08-03-2014 10:51,10,28,69,17,20
WBAN:94846,CHICAGO OHARE INTERNATIONAL AIRPORT IL US,08-03-2014 11:51,10,28,69,15,30
WBAN:94846,CHICAGO OHARE INTERNATIONAL AIRPORT IL US,08-03-2014 12:51,10,28,69,15,40
WBAN:94846,CHICAGO OHARE INTERNATIONAL AIRPORT IL US,08-03-2014 13:51,10,29,63,9,50
WBAN:94846,CHICAGO OHARE INTERNATIONAL AIRPORT IL US,08-03-2014 14:51,10,28,66,8,40
WBAN:94846,CHICAGO OHARE INTERNATIONAL AIRPORT IL US,08-03-2014 15:51,10,28,66,9,50
WBAN:94846,CHICAGO OHARE INTERNATIONAL AIRPORT IL US,08-03-2014 16:51,10,28,63,7,60
WBAN:94846,CHICAGO OHARE INTERNATIONAL AIRPORT IL US,08-03-2014 17:51,10,26,66,5,60
WBAN:94846,CHICAGO OHARE INTERNATIONAL AIRPORT IL US,08-03-2014 18:51,10,26,66,3,50
WBAN:94846,CHICAGO OHARE INTERNATIONAL AIRPORT IL US,08-03-2014 19:51,10,25,72,0,0
WBAN:94846,CHICAGO OHARE INTERNATIONAL AIRPORT IL US,08-03-2014 20:51,10,24,71,0,0
WBAN:94846,CHICAGO OHARE INTERNATIONAL AIRPORT IL US,08-03-2014 21:51,10,22,78,0,0
WBAN:94846,CHICAGO OHARE INTERNATIONAL AIRPORT IL US,08-03-2014 22:51,10,22,78,0,0
WBAN:94846,CHICAGO OHARE INTERNATIONAL AIRPORT IL US,08-03-2014 23:51,8,21,78,0,0
WBAN:94846,CHICAGO OHARE INTERNATIONAL AIRPORT IL US,08-03-2014 23:59,10,32,61,10,0
WBAN:94846,CHICAGO OHARE INTERNATIONAL AIRPORT IL US,09-03-2014 00:51,9,22,78,3,220
WBAN:94846,CHICAGO OHARE INTERNATIONAL AIRPORT IL US,09-03-2014 01:51,9,22,75,5,250
WBAN:94846,CHICAGO OHARE INTERNATIONAL AIRPORT IL US,09-03-2014 02:51,8,22,75,6,250
WBAN:94846,CHICAGO OHARE INTERNATIONAL AIRPORT IL US,09-03-2014 03:51,7,21,78,6,250
WBAN:94846,CHICAGO OHARE INTERNATIONAL AIRPORT IL US,09-03-2014 04:51,6,20,81,6,250
WBAN:94846,CHICAGO OHARE INTERNATIONAL AIRPORT IL US,09-03-2014 05:51,6,20,78,5,240
WBAN:94846,CHICAGO OHARE INTERNATIONAL AIRPORT IL US,09-03-2014 06:51,6,21,78,6,240
WBAN:94846,CHICAGO OHARE INTERNATIONAL AIRPORT IL US,09-03-2014 07:51,9,24,71,6,220
WBAN:94846,CHICAGO OHARE INTERNATIONAL AIRPORT IL US,09-03-2014 08:51,10,28,60,10,240
WBAN:94846,CHICAGO OHARE INTERNATIONAL AIRPORT IL US,09-03-2014 09:51,10,31,56,10,240
WBAN:94846,CHICAGO OHARE INTERNATIONAL AIRPORT IL US,09-03-2014 10:51,10,33,49,17,230
WBAN:94846,CHICAGO OHARE INTERNATIONAL AIRPORT IL US,09-03-2014 11:51,10,35,46,14,240
WBAN:94846,CHICAGO OHARE INTERNATIONAL AIRPORT IL US,09-03-2014 12:51,10,36,55,14,200
WBAN:94846,CHICAGO OHARE INTERNATIONAL AIRPORT IL US,09-03-2014 13:51,10,37,54,18,220
WBAN:94846,CHICAGO OHARE INTERNATIONAL AIRPORT IL US,09-03-2014 14:51,10,37,57,15,220
WBAN:94846,CHICAGO OHARE INTERNATIONAL AIRPORT IL US,09-03-2014 15:51,10,38,60,17,220
WBAN:94846,CHICAGO OHARE INTERNATIONAL AIRPORT IL US,09-03-2014 16:51,10,38,62,15,210
WBAN:94846,CHICAGO OHARE INTERNATIONAL AIRPORT IL US,09-03-2014 17:51,10,39,65,18,210
WBAN:94846,CHICAGO OHARE INTERNATIONAL AIRPORT IL US,09-03-2014 18:51,10,40,65,17,220
WBAN:94846,CHICAGO OHARE INTERNATIONAL AIRPORT IL US,09-03-2014 19:51,10,41,65,16,230
WBAN:94846,CHICAGO OHARE INTERNATIONAL AIRPORT IL US,09-03-2014 20:51,10,41,65,15,230
WBAN:94846,CHICAGO OHARE INTERNATIONAL AIRPORT IL US,09-03-2014 21:51,10,41,62,18,230
WBAN:94846,CHICAGO OHARE INTERNATIONAL AIRPORT IL US,09-03-2014 22:51,10,41,62,21,230
WBAN:94846,CHICAGO OHARE INTERNATIONAL AIRPORT IL US,09-03-2014 23:51,10,42,60,18,230
WBAN:94846,CHICAGO OHARE INTERNATIONAL AIRPORT IL US,09-03-2014 23:59,10,32,61,10,0
WBAN:94846,CHICAGO OHARE INTERNATIONAL AIRPORT IL US,10-03-2014 00:51,10,41,62,17,240
WBAN:94846,CHICAGO OHARE INTERNATIONAL AIRPORT IL US,10-03-2014 01:51,10,41,62,15,250
WBAN:94846,CHICAGO OHARE INTERNATIONAL AIRPORT IL US,10-03-2014 02:51,10,42,60,15,250
WBAN:94846,CHICAGO OHARE INTERNATIONAL AIRPORT IL US,10-03-2014 03:51,10,42,60,13,250
WBAN:94846,CHICAGO OHARE INTERNATIONAL AIRPORT IL US,10-03-2014 04:51,10,41,62,14,240
WBAN:94846,CHICAGO OHARE INTERNATIONAL AIRPORT IL US,10-03-2014 05:51,10,40,65,11,240
WBAN:94846,CHICAGO OHARE INTERNATIONAL AIRPORT IL US,10-03-2014 06:51,10,41,65,10,240
WBAN:94846,CHICAGO OHARE INTERNATIONAL AIRPORT IL US,10-03-2014 07:51,10,43,60,11,240
WBAN:94846,CHICAGO OHARE INTERNATIONAL AIRPORT IL US,10-03-2014 08:51,10,46,56,14,250
WBAN:94846,CHICAGO OHARE INTERNATIONAL AIRPORT IL US,10-03-2014 09:51,10,48,52,17,250
WBAN:94846,CHICAGO OHARE INTERNATIONAL AIRPORT IL US,10-03-2014 10:51,10,49,55,14,250
WBAN:94846,CHICAGO OHARE INTERNATIONAL AIRPORT IL US,10-03-2014 11:51,10,50,52,15,250
WBAN:94846,CHICAGO OHARE INTERNATIONAL AIRPORT IL US,10-03-2014 12:51,10,52,49,14,240
WBAN:94846,CHICAGO OHARE INTERNATIONAL AIRPORT IL US,10-03-2014 13:51,10,53,48,13,240
WBAN:94846,CHICAGO OHARE INTERNATIONAL AIRPORT IL US,10-03-2014 14:51,10,51,52,16,230
WBAN:94846,CHICAGO OHARE INTERNATIONAL AIRPORT IL US,10-03-2014 15:51,10,51,54,8,240
WBAN:94846,CHICAGO OHARE INTERNATIONAL AIRPORT IL US,10-03-2014 16:51,10,50,57,13,250
WBAN:94846,CHICAGO OHARE INTERNATIONAL AIRPORT IL US,10-03-2014 17:51,10,49,61,10,250
WBAN:94846,CHICAGO OHARE INTERNATIONAL AIRPORT IL US,10-03-2014 18:51,10,47,66,7,250
WBAN:94846,CHICAGO OHARE INTERNATIONAL AIRPORT IL US,10-03-2014 19:51,10,44,71,6,260
WBAN:94846,CHICAGO OHARE INTERNATIONAL AIRPORT IL US,10-03-2014 20:51,10,44,71,7,260
WBAN:94846,CHICAGO OHARE INTERNATIONAL AIRPORT IL US,10-03-2014 21:51,10,44,71,3,260
WBAN:94846,CHICAGO OHARE INTERNATIONAL AIRPORT IL US,10-03-2014 22:51,10,42,76,5,280
WBAN:94846,CHICAGO OHARE INTERNATIONAL AIRPORT IL US,10-03-2014 23:51,10,42,76,5,280
WBAN:94846,CHICAGO OHARE INTERNATIONAL AIRPORT IL US,10-03-2014 23:59,10,32,61,10,0
WBAN:94846,CHICAGO OHARE INTERNATIONAL AIRPORT IL US,11-03-2014 00:51,10,41,76,5,250
WBAN:94846,CHICAGO OHARE INTERNATIONAL AIRPORT IL US,11-03-2014 01:51,10,41,76,0,0
WBAN:94846,CHICAGO OHARE INTERNATIONAL AIRPORT IL US,11-03-2014 02:51,10,41,73,3,300
WBAN:94846,CHICAGO OHARE INTERNATIONAL AIRPORT IL US,11-03-2014 03:51,10,39,76,0,0
WBAN:94846,CHICAGO OHARE INTERNATIONAL AIRPORT IL US,11-03-2014 04:51,10,39,73,0,0
WBAN:94846,CHICAGO OHARE INTERNATIONAL AIRPORT IL US,11-03-2014 05:51,10,38,73,0,0
WBAN:94846,CHICAGO OHARE INTERNATIONAL AIRPORT IL US,11-03-2014 06:51,10,43,63,0,0
WBAN:94846,CHICAGO OHARE INTERNATIONAL AIRPORT IL US,11-03-2014 07:51,10,44,68,0,0
WBAN:94846,CHICAGO OHARE INTERNATIONAL AIRPORT IL US,11-03-2014 08:51,10,47,54,3,110
WBAN:94846,CHICAGO OHARE INTERNATIONAL AIRPORT IL US,11-03-2014 09:51,10,48,52,8,100
WBAN:94846,CHICAGO OHARE INTERNATIONAL AIRPORT IL US,11-03-2014 10:51,10,49,50,11,60
WBAN:94846,CHICAGO OHARE INTERNATIONAL AIRPORT IL US,11-03-2014 11:51,10,49,48,14,40
WBAN:94846,CHICAGO OHARE INTERNATIONAL AIRPORT IL US,11-03-2014 12:51,10,46,54,13,30
WBAN:94846,CHICAGO OHARE INTERNATIONAL AIRPORT IL US,11-03-2014 13:51,10,45,54,14,40
WBAN:94846,CHICAGO OHARE INTERNATIONAL AIRPORT IL US,11-03-2014 14:51,10,43,68,20,30
WBAN:94846,CHICAGO OHARE INTERNATIONAL AIRPORT IL US,11-03-2014 15:51,10,42,71,13,20
WBAN:94846,CHICAGO OHARE INTERNATIONAL AIRPORT IL US,11-03-2014 16:51,10,41,70,17,40
WBAN:94846,CHICAGO OHARE INTERNATIONAL AIRPORT IL US,11-03-2014 17:51,10,38,68,16,30
WBAN:94846,CHICAGO OHARE INTERNATIONAL AIRPORT IL US,11-03-2014 18:51,10,38,70,15,30
WBAN:94846,CHICAGO OHARE INTERNATIONAL AIRPORT IL US,11-03-2014 19:51,10,37,70,17,30
WBAN:94846,CHICAGO OHARE INTERNATIONAL AIRPORT IL US,11-03-2014 20:51,10,37,76,10,360
WBAN:94846,CHICAGO OHARE INTERNATIONAL AIRPORT IL US,11-03-2014 21:51,10,37,76,15,30
WBAN:94846,CHICAGO OHARE INTERNATIONAL AIRPORT IL US,11-03-2014 22:51,4,35,82,15,30
WBAN:94846,CHICAGO OHARE INTERNATIONAL AIRPORT IL US,11-03-2014 23:51,2.5,34,82,11,40
WBAN:94846,CHICAGO OHARE INTERNATIONAL AIRPORT IL US,11-03-2014 23:59,10,32,61,10,0
WBAN:94846,CHICAGO OHARE INTERNATIONAL AIRPORT IL US,12-03-2014 00:51,1.25,33,85,17,20
WBAN:94846,CHICAGO OHARE INTERNATIONAL AIRPORT IL US,12-03-2014 01:51,0.75,32,85,17,10
WBAN:94846,CHICAGO OHARE INTERNATIONAL AIRPORT IL US,12-03-2014 02:51,1,31,85,22,20
WBAN:94846,CHICAGO OHARE INTERNATIONAL AIRPORT IL US,12-03-2014 03:51,0.75,29,82,18,30
WBAN:94846,CHICAGO OHARE INTERNATIONAL AIRPORT IL US,12-03-2014 04:51,1.75,28,81,23,20
WBAN:94846,CHICAGO OHARE INTERNATIONAL AIRPORT IL US,12-03-2014 05:51,10,30,69,23,10
WBAN:94846,CHICAGO OHARE INTERNATIONAL AIRPORT IL US,12-03-2014 06:51,10,29,72,20,10
WBAN:94846,CHICAGO OHARE INTERNATIONAL AIRPORT IL US,12-03-2014 07:51,10,29,66,28,10
WBAN:94846,CHICAGO OHARE INTERNATIONAL AIRPORT IL US,12-03-2014 08:51,10,27,69,23,20
WBAN:94846,CHICAGO OHARE INTERNATIONAL AIRPORT IL US,12-03-2014 09:51,10,27,69,18,10
WBAN:94846,CHICAGO OHARE INTERNATIONAL AIRPORT IL US,12-03-2014 10:51,10,26,63,18,10
WBAN:94846,CHICAGO OHARE INTERNATIONAL AIRPORT IL US,12-03-2014 11:51,10,27,53,16,350
WBAN:94846,CHICAGO OHARE INTERNATIONAL AIRPORT IL US,12-03-2014 12:51,10,27,53,18,20
WBAN:94846,CHICAGO OHARE INTERNATIONAL AIRPORT IL US,12-03-2014 13:51,10,27,51,18,20
WBAN:94846,CHICAGO OHARE INTERNATIONAL AIRPORT IL US,12-03-2014 14:51,10,28,44,14,10
WBAN:94846,CHICAGO OHARE INTERNATIONAL AIRPORT IL US,12-03-2014 15:51,10,28,44,14,10
WBAN:94846,CHICAGO OHARE INTERNATIONAL AIRPORT IL US,12-03-2014 16:51,10,27,41,13,360
WBAN:94846,CHICAGO OHARE INTERNATIONAL AIRPORT IL US,12-03-2014 17:51,10,23,53,11,40
WBAN:94846,CHICAGO OHARE INTERNATIONAL AIRPORT IL US,12-03-2014 18:51,10,22,52,7,30
WBAN:94846,CHICAGO OHARE INTERNATIONAL AIRPORT IL US,12-03-2014 19:51,10,20,55,8,20
WBAN:94846,CHICAGO OHARE INTERNATIONAL AIRPORT IL US,12-03-2014 20:51,10,20,52,3,10
WBAN:94846,CHICAGO OHARE INTERNATIONAL AIRPORT IL US,12-03-2014 21:51,10,14,67,3,350
WBAN:94846,CHICAGO OHARE INTERNATIONAL AIRPORT IL US,12-03-2014 22:51,10,16,62,5,320
WBAN:94846,CHICAGO OHARE INTERNATIONAL AIRPORT IL US,12-03-2014 23:51,10,16,59,3,290
WBAN:94846,CHICAGO OHARE INTERNATIONAL AIRPORT IL US,12-03-2014 23:59,10,32,61,10,0
WBAN:94846,CHICAGO OHARE INTERNATIONAL AIRPORT IL US,13-03-2014 00:51,10,16,62,3,290
WBAN:94846,CHICAGO OHARE INTERNATIONAL AIRPORT IL US,13-03-2014 01:51,10,15,61,0,0
WBAN:94846,CHICAGO OHARE INTERNATIONAL AIRPORT IL US,13-03-2014 02:51,10,14,67,5,260
WBAN:94846,CHICAGO OHARE INTERNATIONAL AIRPORT IL US,13-03-2014 03:51,10,15,67,0,0
WBAN:94846,CHICAGO OHARE INTERNATIONAL AIRPORT IL US,13-03-2014 04:51,10,13,70,3,240
WBAN:94846,CHICAGO OHARE INTERNATIONAL AIRPORT IL US,13-03-2014 05:51,10,12,70,6,210
WBAN:94846,CHICAGO OHARE INTERNATIONAL AIRPORT IL US,13-03-2014 06:51,10,14,73,5,190
WBAN:94846,CHICAGO OHARE INTERNATIONAL AIRPORT IL US,13-03-2014 07:51,10,20,60,8,200
WBAN:94846,CHICAGO OHARE INTERNATIONAL AIRPORT IL US,13-03-2014 08:51,10,24,57,8,190
WBAN:94846,CHICAGO OHARE INTERNATIONAL AIRPORT IL US,13-03-2014 09:51,10,26,63,11,190
WBAN:94846,CHICAGO OHARE INTERNATIONAL AIRPORT IL US,13-03-2014 10:51,10,27,66,16,220
WBAN:94846,CHICAGO OHARE INTERNATIONAL AIRPORT IL US,13-03-2014 11:51,10,27,69,10,190
WBAN:94846,CHICAGO OHARE INTERNATIONAL AIRPORT IL US,13-03-2014 12:51,10,29,69,14,190
WBAN:94846,CHICAGO OHARE INTERNATIONAL AIRPORT IL US,13-03-2014 13:51,10,31,67,18,190
WBAN:94846,CHICAGO OHARE INTERNATIONAL AIRPORT IL US,13-03-2014 14:51,10,33,66,18,180
WBAN:94846,CHICAGO OHARE INTERNATIONAL AIRPORT IL US,13-03-2014 15:51,10,34,67,20,210
WBAN:94846,CHICAGO OHARE INTERNATIONAL AIRPORT IL US,13-03-2014 16:51,10,35,64,21,210
WBAN:94846,CHICAGO OHARE INTERNATIONAL AIRPORT IL US,13-03-2014 17:51,10,34,73,15,210
WBAN:94846,CHICAGO OHARE INTERNATIONAL AIRPORT IL US,13-03-2014 18:51,10,33,75,8,190
WBAN:94846,CHICAGO OHARE INTERNATIONAL AIRPORT IL US,13-03-2014 19:51,10,33,78,8,190
WBAN:94846,CHICAGO OHARE INTERNATIONAL AIRPORT IL US,13-03-2014 20:51,10,36,76,11,200
WBAN:94846,CHICAGO OHARE INTERNATIONAL AIRPORT IL US,13-03-2014 21:51,10,39,70,17,210
WBAN:94846,CHICAGO OHARE INTERNATIONAL AIRPORT IL US,13-03-2014 22:51,10,39,70,17,210
WBAN:94846,CHICAGO OHARE INTERNATIONAL AIRPORT IL US,13-03-2014 23:51,10,39,67,16,210
WBAN:94846,CHICAGO OHARE INTERNATIONAL AIRPORT IL US,13-03-2014 23:59,10,32,61,10,0
WBAN:94846,CHICAGO OHARE INTERNATIONAL AIRPORT IL US,14-03-2014 00:51,10,39,67,17,210
WBAN:94846,CHICAGO OHARE INTERNATIONAL AIRPORT IL US,14-03-2014 01:51,10,40,65,16,220
WBAN:94846,CHICAGO OHARE INTERNATIONAL AIRPORT IL US,14-03-2014 02:51,10,40,65,15,210
WBAN:94846,CHICAGO OHARE INTERNATIONAL AIRPORT IL US,14-03-2014 03:51,10,40,65,15,210
WBAN:94846,CHICAGO OHARE INTERNATIONAL AIRPORT IL US,14-03-2014 04:51,10,41,60,17,220
WBAN:94846,CHICAGO OHARE INTERNATIONAL AIRPORT IL US,14-03-2014 05:51,10,40,63,17,220
WBAN:94846,CHICAGO OHARE INTERNATIONAL AIRPORT IL US,14-03-2014 06:51,10,42,55,18,220
WBAN:94846,CHICAGO OHARE INTERNATIONAL AIRPORT IL US,14-03-2014 07:51,10,44,51,22,220
WBAN:94846,CHICAGO OHARE INTERNATIONAL AIRPORT IL US,14-03-2014 08:51,10,47,46,25,220
WBAN:94846,CHICAGO OHARE INTERNATIONAL AIRPORT IL US,14-03-2014 09:51,10,47,48,25,230
WBAN:94846,CHICAGO OHARE INTERNATIONAL AIRPORT IL US,14-03-2014 10:51,10,48,48,24,230
WBAN:94846,CHICAGO OHARE INTERNATIONAL AIRPORT IL US,14-03-2014 11:51,10,50,50,23,250
WBAN:94846,CHICAGO OHARE INTERNATIONAL AIRPORT IL US,14-03-2014 12:51,10,52,50,15,260
WBAN:94846,CHICAGO OHARE INTERNATIONAL AIRPORT IL US,14-03-2014 13:51,10,52,45,21,270
WBAN:94846,CHICAGO OHARE INTERNATIONAL AIRPORT IL US,14-03-2014 14:51,10,52,45,20,270
WBAN:94846,CHICAGO OHARE INTERNATIONAL AIRPORT IL US,14-03-2014 15:51,10,50,50,23,260
WBAN:94846,CHICAGO OHARE INTERNATIONAL AIRPORT IL US,14-03-2014 16:51,10,45,56,23,290
WBAN:94846,CHICAGO OHARE INTERNATIONAL AIRPORT IL US,14-03-2014 17:51,10,42,58,21,290
WBAN:94846,CHICAGO OHARE INTERNATIONAL AIRPORT IL US,14-03-2014 18:51,10,41,62,15,270
WBAN:94846,CHICAGO OHARE INTERNATIONAL AIRPORT IL US,14-03-2014 19:51,10,40,68,11,270
WBAN:94846,CHICAGO OHARE INTERNATIONAL AIRPORT IL US,14-03-2014 20:51,10,40,65,13,260
WBAN:94846,CHICAGO OHARE INTERNATIONAL AIRPORT IL US,14-03-2014 21:51,10,40,63,10,280
WBAN:94846,CHICAGO OHARE INTERNATIONAL AIRPORT IL US,14-03-2014 22:51,10,38,68,10,260
WBAN:94846,CHICAGO OHARE INTERNATIONAL AIRPORT IL US,14-03-2014 23:51,10,38,68,11,270
WBAN:94846,CHICAGO OHARE INTERNATIONAL AIRPORT IL US,14-03-2014 23:59,10,32,61,10,0
WBAN:94846,CHICAGO OHARE INTERNATIONAL AIRPORT IL US,15-03-2014 00:51,10,38,68,15,300
WBAN:94846,CHICAGO OHARE INTERNATIONAL AIRPORT IL US,15-03-2014 01:51,10,37,67,11,290
WBAN:94846,CHICAGO OHARE INTERNATIONAL AIRPORT IL US,15-03-2014 02:51,10,35,70,10,290
WBAN:94846,CHICAGO OHARE INTERNATIONAL AIRPORT IL US,15-03-2014 03:51,10,34,70,6,290
WBAN:94846,CHICAGO OHARE INTERNATIONAL AIRPORT IL US,15-03-2014 04:51,10,33,70,6,300
WBAN:94846,CHICAGO OHARE INTERNATIONAL AIRPORT IL US,15-03-2014 05:51,10,30,72,3,300
WBAN:94846,CHICAGO OHARE INTERNATIONAL AIRPORT IL US,15-03-2014 06:51,10,32,59,10,330
WBAN:94846,CHICAGO OHARE INTERNATIONAL AIRPORT IL US,15-03-2014 07:51,10,33,58,9,340
WBAN:94846,CHICAGO OHARE INTERNATIONAL AIRPORT IL US,15-03-2014 08:51,10,35,52,8,350
WBAN:94846,CHICAGO OHARE INTERNATIONAL AIRPORT IL US,15-03-2014 09:51,10,37,50,6,10
WBAN:94846,CHICAGO OHARE INTERNATIONAL AIRPORT IL US,15-03-2014 10:51,10,39,53,7,80
WBAN:94846,CHICAGO OHARE INTERNATIONAL AIRPORT IL US,15-03-2014 11:51,10,39,53,8,70
WBAN:94846,CHICAGO OHARE INTERNATIONAL AIRPORT IL US,15-03-2014 12:51,10,39,57,7,60
WBAN:94846,CHICAGO OHARE INTERNATIONAL AIRPORT IL US,15-03-2014 13:51,10,39,55,10,70
WBAN:94846,CHICAGO OHARE INTERNATIONAL AIRPORT IL US,15-03-2014 14:51,10,36,62,10,70
WBAN:94846,CHICAGO OHARE INTERNATIONAL AIRPORT IL US,15-03-2014 15:51,10,35,61,10,60
WBAN:94846,CHICAGO OHARE INTERNATIONAL AIRPORT IL US,15-03-2014 16:51,10,33,64,11,60
WBAN:94846,CHICAGO OHARE INTERNATIONAL AIRPORT IL US,15-03-2014 17:51,10,32,64,13,60
WBAN:94846,CHICAGO OHARE INTERNATIONAL AIRPORT IL US,15-03-2014 18:51,10,31,67,14,70
WBAN:94846,CHICAGO OHARE INTERNATIONAL AIRPORT IL US,15-03-2014 19:51,9,29,75,11,60
WBAN:94846,CHICAGO OHARE INTERNATIONAL AIRPORT IL US,15-03-2014 20:51,10,29,72,11,50
WBAN:94846,CHICAGO OHARE INTERNATIONAL AIRPORT IL US,15-03-2014 21:51,3,28,78,15,40
WBAN:94846,CHICAGO OHARE INTERNATIONAL AIRPORT IL US,15-03-2014 22:51,10,28,72,16,30
WBAN:94846,CHICAGO OHARE INTERNATIONAL AIRPORT IL US,15-03-2014 23:51,8,28,63,17,40
WBAN:94846,CHICAGO OHARE INTERNATIONAL AIRPORT IL US,15-03-2014 23:59,10,32,61,10,0
WBAN:94846,CHICAGO OHARE INTERNATIONAL AIRPORT IL US,16-03-2014 00:51,9,26,63,21,50
WBAN:94846,CHICAGO OHARE INTERNATIONAL AIRPORT IL US,16-03-2014 01:51,10,25,63,23,30
WBAN:94846,CHICAGO OHARE INTERNATIONAL AIRPORT IL US,16-03-2014 02:51,10,23,63,25,40
WBAN:94846,CHICAGO OHARE INTERNATIONAL AIRPORT IL US,16-03-2014 03:51,10,22,63,20,30
WBAN:94846,CHICAGO OHARE INTERNATIONAL AIRPORT IL US,16-03-2014 04:51,10,21,59,22,40
WBAN:94846,CHICAGO OHARE INTERNATIONAL AIRPORT IL US,16-03-2014 05:51,10,19,59,20,50
WBAN:94846,CHICAGO OHARE INTERNATIONAL AIRPORT IL US,16-03-2014 06:51,10,19,59,21,40
WBAN:94846,CHICAGO OHARE INTERNATIONAL AIRPORT IL US,16-03-2014 07:51,9,19,59,23,50
WBAN:94846,CHICAGO OHARE INTERNATIONAL AIRPORT IL US,16-03-2014 08:51,10,19,59,24,60
WBAN:94846,CHICAGO OHARE INTERNATIONAL AIRPORT IL US,16-03-2014 09:51,10,20,57,18,50
WBAN:94846,CHICAGO OHARE INTERNATIONAL AIRPORT IL US,16-03-2014 10:51,10,21,57,17,40
WBAN:94846,CHICAGO OHARE INTERNATIONAL AIRPORT IL US,16-03-2014 11:51,10,23,53,20,50
WBAN:94846,CHICAGO OHARE INTERNATIONAL AIRPORT IL US,16-03-2014 12:51,10,24,52,17,50
WBAN:94846,CHICAGO OHARE INTERNATIONAL AIRPORT IL US,16-03-2014 13:51,10,24,52,22,50
WBAN:94846,CHICAGO OHARE INTERNATIONAL AIRPORT IL US,16-03-2014 14:51,10,23,55,20,30
WBAN:94846,CHICAGO OHARE INTERNATIONAL AIRPORT IL US,16-03-2014 15:51,10,23,53,20,40
WBAN:94846,CHICAGO OHARE INTERNATIONAL AIRPORT IL US,16-03-2014 16:51,10,24,50,15,50
WBAN:94846,CHICAGO OHARE INTERNATIONAL AIRPORT IL US,16-03-2014 17:51,10,22,55,18,50
WBAN:94846,CHICAGO OHARE INTERNATIONAL AIRPORT IL US,16-03-2014 18:51,10,22,55,13,40
WBAN:94846,CHICAGO OHARE INTERNATIONAL AIRPORT IL US,16-03-2014 19:51,10,22,55,11,50
WBAN:94846,CHICAGO OHARE INTERNATIONAL AIRPORT IL US,16-03-2014 20:51,10,22,55,13,50
WBAN:94846,CHICAGO OHARE INTERNATIONAL AIRPORT IL US,16-03-2014 21:51,10,22,52,11,70
WBAN:94846,CHICAGO OHARE INTERNATIONAL AIRPORT IL US,16-03-2014 22:51,10,22,55,8,40
WBAN:94846,CHICAGO OHARE INTERNATIONAL AIRPORT IL US,16-03-2014 23:51,10,22,57,8,70
WBAN:94846,CHICAGO OHARE INTERNATIONAL AIRPORT IL US,16-03-2014 23:59,10,32,61,10,0
WBAN:94846,CHICAGO OHARE INTERNATIONAL AIRPORT IL US,17-03-2014 00:51,10,21,62,6,90
WBAN:94846,CHICAGO OHARE INTERNATIONAL AIRPORT IL US,17-03-2014 01:51,10,21,62,7,60
WBAN:94846,CHICAGO OHARE INTERNATIONAL AIRPORT IL US,17-03-2014 02:51,10,21,62,6,90
WBAN:94846,CHICAGO OHARE INTERNATIONAL AIRPORT IL US,17-03-2014 03:51,10,20,65,7,90
WBAN:94846,CHICAGO OHARE INTERNATIONAL AIRPORT IL US,17-03-2014 04:51,10,20,62,7,100
WBAN:94846,CHICAGO OHARE INTERNATIONAL AIRPORT IL US,17-03-2014 05:51,10,20,57,8,100
WBAN:94846,CHICAGO OHARE INTERNATIONAL AIRPORT IL US,17-03-2014 06:51,10,22,50,10,110
WBAN:94846,CHICAGO OHARE INTERNATIONAL AIRPORT IL US,17-03-2014 07:51,10,24,46,9,140
WBAN:94846,CHICAGO OHARE INTERNATIONAL AIRPORT IL US,17-03-2014 08:51,10,26,38,9,130
WBAN:94846,CHICAGO OHARE INTERNATIONAL AIRPORT IL US,17-03-2014 09:51,10,27,39,6,140
WBAN:94846,CHICAGO OHARE INTERNATIONAL AIRPORT IL US,17-03-2014 10:51,10,30,34,5,100
WBAN:94846,CHICAGO OHARE INTERNATIONAL AIRPORT IL US,17-03-2014 11:51,10,33,32,7,160
WBAN:94846,CHICAGO OHARE INTERNATIONAL AIRPORT IL US,17-03-2014 12:51,10,35,31,8,120
WBAN:94846,CHICAGO OHARE INTERNATIONAL AIRPORT IL US,17-03-2014 13:51,10,38,31,10,160
WBAN:94846,CHICAGO OHARE INTERNATIONAL AIRPORT IL US,17-03-2014 14:51,10,39,30,9,150
WBAN:94846,CHICAGO OHARE INTERNATIONAL AIRPORT IL US,17-03-2014 15:51,10,40,33,9,150
WBAN:94846,CHICAGO OHARE INTERNATIONAL AIRPORT IL US,17-03-2014 16:51,10,39,39,11,180
WBAN:94846,CHICAGO OHARE INTERNATIONAL AIRPORT IL US,17-03-2014 17:51,10,36,46,9,180
WBAN:94846,CHICAGO OHARE INTERNATIONAL AIRPORT IL US,17-03-2014 18:51,10,34,56,10,170
WBAN:94846,CHICAGO OHARE INTERNATIONAL AIRPORT IL US,17-03-2014 19:51,10,33,61,10,160
WBAN:94846,CHICAGO OHARE INTERNATIONAL AIRPORT IL US,17-03-2014 20:51,10,33,66,10,170
WBAN:94846,CHICAGO OHARE INTERNATIONAL AIRPORT IL US,17-03-2014 21:51,10,32,69,8,180
WBAN:94846,CHICAGO OHARE INTERNATIONAL AIRPORT IL US,17-03-2014 22:51,10,30,72,7,160
WBAN:94846,CHICAGO OHARE INTERNATIONAL AIRPORT IL US,17-03-2014 23:51,10,29,75,8,160
WBAN:94846,CHICAGO OHARE INTERNATIONAL AIRPORT IL US,17-03-2014 23:59,10,32,61,10,0
WBAN:94846,CHICAGO OHARE INTERNATIONAL AIRPORT IL US,18-03-2014 00:51,10,30,72,5,150
WBAN:94846,CHICAGO OHARE INTERNATIONAL AIRPORT IL US,18-03-2014 01:51,10,30,72,9,150
WBAN:94846,CHICAGO OHARE INTERNATIONAL AIRPORT IL US,18-03-2014 02:51,10,29,75,8,160
WBAN:94846,CHICAGO OHARE INTERNATIONAL AIRPORT IL US,18-03-2014 03:51,10,29,75,7,160
WBAN:94846,CHICAGO OHARE INTERNATIONAL AIRPORT IL US,18-03-2014 04:51,8,29,75,8,150
WBAN:94846,CHICAGO OHARE INTERNATIONAL AIRPORT IL US,18-03-2014 05:51,10,29,75,5,150
WBAN:94846,CHICAGO OHARE INTERNATIONAL AIRPORT IL US,18-03-2014 06:51,8,31,76,8,130
WBAN:94846,CHICAGO OHARE INTERNATIONAL AIRPORT IL US,18-03-2014 07:51,10,35,67,10,160
WBAN:94846,CHICAGO OHARE INTERNATIONAL AIRPORT IL US,18-03-2014 08:51,10,38,60,9,170
WBAN:94846,CHICAGO OHARE INTERNATIONAL AIRPORT IL US,18-03-2014 09:51,10,41,55,10,170
WBAN:94846,CHICAGO OHARE INTERNATIONAL AIRPORT IL US,18-03-2014 10:51,10,44,53,11,180
WBAN:94846,CHICAGO OHARE INTERNATIONAL AIRPORT IL US,18-03-2014 11:51,10,48,50,15,130
WBAN:94846,CHICAGO OHARE INTERNATIONAL AIRPORT IL US,18-03-2014 12:51,10,50,48,17,150
WBAN:94846,CHICAGO OHARE INTERNATIONAL AIRPORT IL US,18-03-2014 13:51,10,51,46,14,150
WBAN:94846,CHICAGO OHARE INTERNATIONAL AIRPORT IL US,18-03-2014 14:51,10,50,46,15,140
WBAN:94846,CHICAGO OHARE INTERNATIONAL AIRPORT IL US,18-03-2014 15:51,10,51,48,16,140
WBAN:94846,CHICAGO OHARE INTERNATIONAL AIRPORT IL US,18-03-2014 16:51,10,50,50,21,130
WBAN:94846,CHICAGO OHARE INTERNATIONAL AIRPORT IL US,18-03-2014 17:51,10,47,56,14,110
WBAN:94846,CHICAGO OHARE INTERNATIONAL AIRPORT IL US,18-03-2014 18:51,10,46,61,11,120
WBAN:94846,CHICAGO OHARE INTERNATIONAL AIRPORT IL US,18-03-2014 19:51,10,46,61,10,130
WBAN:94846,CHICAGO OHARE INTERNATIONAL AIRPORT IL US,18-03-2014 20:51,10,46,63,11,130
WBAN:94846,CHICAGO OHARE INTERNATIONAL AIRPORT IL US,18-03-2014 21:51,10,46,66,14,160
WBAN:94846,CHICAGO OHARE INTERNATIONAL AIRPORT IL US,18-03-2014 22:51,10,46,68,11,180
WBAN:94846,CHICAGO OHARE INTERNATIONAL AIRPORT IL US,18-03-2014 23:51,10,46,68,11,170
WBAN:94846,CHICAGO OHARE INTERNATIONAL AIRPORT IL US,18-03-2014 23:59,10,32,61,10,0
WBAN:94846,CHICAGO OHARE INTERNATIONAL AIRPORT IL US,19-03-2014 00:51,10,45,71,13,170
WBAN:94846,CHICAGO OHARE INTERNATIONAL AIRPORT IL US,19-03-2014 01:51,10,44,76,9,180
WBAN:94846,CHICAGO OHARE INTERNATIONAL AIRPORT IL US,19-03-2014 02:51,8,44,79,9,190
WBAN:94846,CHICAGO OHARE INTERNATIONAL AIRPORT IL US,19-03-2014 03:51,5,42,85,5,170
WBAN:94846,CHICAGO OHARE INTERNATIONAL AIRPORT IL US,19-03-2014 04:51,4,42,89,6,170
WBAN:94846,CHICAGO OHARE INTERNATIONAL AIRPORT IL US,19-03-2014 05:51,4,43,86,7,180
WBAN:94846,CHICAGO OHARE INTERNATIONAL AIRPORT IL US,19-03-2014 06:51,3,43,89,7,200
WBAN:94846,CHICAGO OHARE INTERNATIONAL AIRPORT IL US,19-03-2014 07:51,4,45,83,9,250
WBAN:94846,CHICAGO OHARE INTERNATIONAL AIRPORT IL US,19-03-2014 08:51,6,45,83,9,270
WBAN:94846,CHICAGO OHARE INTERNATIONAL AIRPORT IL US,19-03-2014 09:51,6,45,83,11,280
WBAN:94846,CHICAGO OHARE INTERNATIONAL AIRPORT IL US,19-03-2014 10:51,4,42,82,15,290
WBAN:94846,CHICAGO OHARE INTERNATIONAL AIRPORT IL US,19-03-2014 11:51,7,40,79,16,310
WBAN:94846,CHICAGO OHARE INTERNATIONAL AIRPORT IL US,19-03-2014 12:51,8,40,73,20,300
WBAN:94846,CHICAGO OHARE INTERNATIONAL AIRPORT IL US,19-03-2014 13:51,10,39,73,16,280
WBAN:94846,CHICAGO OHARE INTERNATIONAL AIRPORT IL US,19-03-2014 14:51,10,40,70,15,280
WBAN:94846,CHICAGO OHARE INTERNATIONAL AIRPORT IL US,19-03-2014 15:51,10,40,70,17,280
WBAN:94846,CHICAGO OHARE INTERNATIONAL AIRPORT IL US,19-03-2014 16:51,7,38,73,16,270
WBAN:94846,CHICAGO OHARE INTERNATIONAL AIRPORT IL US,19-03-2014 17:51,9,37,70,21,290
WBAN:94846,CHICAGO OHARE INTERNATIONAL AIRPORT IL US,19-03-2014 18:51,10,37,65,15,280
WBAN:94846,CHICAGO OHARE INTERNATIONAL AIRPORT IL US,19-03-2014 19:51,10,36,62,13,290
WBAN:94846,CHICAGO OHARE INTERNATIONAL AIRPORT IL US,19-03-2014 20:51,10,35,64,14,280
WBAN:94846,CHICAGO OHARE INTERNATIONAL AIRPORT IL US,19-03-2014 21:51,10,35,61,14,300
WBAN:94846,CHICAGO OHARE INTERNATIONAL AIRPORT IL US,19-03-2014 22:51,10,35,59,14,300
WBAN:94846,CHICAGO OHARE INTERNATIONAL AIRPORT IL US,19-03-2014 23:51,10,35,57,15,300
WBAN:94846,CHICAGO OHARE INTERNATIONAL AIRPORT IL US,19-03-2014 23:59,10,32,61,10,0
WBAN:94846,CHICAGO OHARE INTERNATIONAL AIRPORT IL US,20-03-2014 00:51,10,34,56,11,310
WBAN:94846,CHICAGO OHARE INTERNATIONAL AIRPORT IL US,20-03-2014 01:51,10,33,58,7,280
WBAN:94846,CHICAGO OHARE INTERNATIONAL AIRPORT IL US,20-03-2014 02:51,10,31,64,5,240
WBAN:94846,CHICAGO OHARE INTERNATIONAL AIRPORT IL US,20-03-2014 03:51,10,31,69,7,250
WBAN:94846,CHICAGO OHARE INTERNATIONAL AIRPORT IL US,20-03-2014 04:51,10,32,73,8,260
WBAN:94846,CHICAGO OHARE INTERNATIONAL AIRPORT IL US,20-03-2014 05:51,0.5,31,85,10,260
WBAN:94846,CHICAGO OHARE INTERNATIONAL AIRPORT IL US,20-03-2014 06:51,2.5,31,85,9,250
WBAN:94846,CHICAGO OHARE INTERNATIONAL AIRPORT IL US,20-03-2014 07:51,7,32,82,8,250
WBAN:94846,CHICAGO OHARE INTERNATIONAL AIRPORT IL US,20-03-2014 08:51,10,35,76,6,250
WBAN:94846,CHICAGO OHARE INTERNATIONAL AIRPORT IL US,20-03-2014 09:51,10,38,68,8,270
WBAN:94846,CHICAGO OHARE INTERNATIONAL AIRPORT IL US,20-03-2014 10:51,10,41,60,11,260
WBAN:94846,CHICAGO OHARE INTERNATIONAL AIRPORT IL US,20-03-2014 11:51,10,43,53,7,250
WBAN:94846,CHICAGO OHARE INTERNATIONAL AIRPORT IL US,20-03-2014 12:51,10,45,46,14,300
WBAN:94846,CHICAGO OHARE INTERNATIONAL AIRPORT IL US,20-03-2014 13:51,10,45,46,7,320
WBAN:94846,CHICAGO OHARE INTERNATIONAL AIRPORT IL US,20-03-2014 14:51,10,46,37,9,340
WBAN:94846,CHICAGO OHARE INTERNATIONAL AIRPORT IL US,20-03-2014 15:51,10,47,34,6,320
WBAN:94846,CHICAGO OHARE INTERNATIONAL AIRPORT IL US,20-03-2014 16:51,10,44,40,8,330
WBAN:94846,CHICAGO OHARE INTERNATIONAL AIRPORT IL US,20-03-2014 17:51,10,43,40,9,310
WBAN:94846,CHICAGO OHARE INTERNATIONAL AIRPORT IL US,20-03-2014 18:51,10,39,55,8,80
WBAN:94846,CHICAGO OHARE INTERNATIONAL AIRPORT IL US,20-03-2014 19:51,10,38,55,6,90
WBAN:94846,CHICAGO OHARE INTERNATIONAL AIRPORT IL US,20-03-2014 20:51,10,36,59,5,140
WBAN:94846,CHICAGO OHARE INTERNATIONAL AIRPORT IL US,20-03-2014 21:51,10,35,64,6,150
WBAN:94846,CHICAGO OHARE INTERNATIONAL AIRPORT IL US,20-03-2014 22:51,10,31,69,3,170
WBAN:94846,CHICAGO OHARE INTERNATIONAL AIRPORT IL US,20-03-2014 23:51,10,35,64,3,120
WBAN:94846,CHICAGO OHARE INTERNATIONAL AIRPORT IL US,20-03-2014 23:59,10,32,61,10,0
WBAN:94846,CHICAGO OHARE INTERNATIONAL AIRPORT IL US,21-03-2014 00:51,10,36,62,5,80
WBAN:94846,CHICAGO OHARE INTERNATIONAL AIRPORT IL US,21-03-2014 01:51,10,35,64,7,110
WBAN:94846,CHICAGO OHARE INTERNATIONAL AIRPORT IL US,21-03-2014 02:51,10,34,70,9,140
WBAN:94846,CHICAGO OHARE INTERNATIONAL AIRPORT IL US,21-03-2014 03:51,8,31,82,6,130
WBAN:94846,CHICAGO OHARE INTERNATIONAL AIRPORT IL US,21-03-2014 04:51,6,32,82,7,130
WBAN:94846,CHICAGO OHARE INTERNATIONAL AIRPORT IL US,21-03-2014 05:51,4,33,82,8,110
WBAN:94846,CHICAGO OHARE INTERNATIONAL AIRPORT IL US,21-03-2014 06:51,3,34,82,7,100
WBAN:94846,CHICAGO OHARE INTERNATIONAL AIRPORT IL US,21-03-2014 07:51,5,37,76,9,110
WBAN:94846,CHICAGO OHARE INTERNATIONAL AIRPORT IL US,21-03-2014 08:51,6,39,70,10,110
WBAN:94846,CHICAGO OHARE INTERNATIONAL AIRPORT IL US,21-03-2014 09:51,7,42,65,8,130
WBAN:94846,CHICAGO OHARE INTERNATIONAL AIRPORT IL US,21-03-2014 10:51,8,45,61,9,120
WBAN:94846,CHICAGO OHARE INTERNATIONAL AIRPORT IL US,21-03-2014 11:51,9,49,55,11,100
WBAN:94846,CHICAGO OHARE INTERNATIONAL AIRPORT IL US,21-03-2014 12:51,10,50,54,16,140
WBAN:94846,CHICAGO OHARE INTERNATIONAL AIRPORT IL US,21-03-2014 13:51,10,51,52,14,130
WBAN:94846,CHICAGO OHARE INTERNATIONAL AIRPORT IL US,21-03-2014 14:51,10,56,51,16,170
WBAN:94846,CHICAGO OHARE INTERNATIONAL AIRPORT IL US,21-03-2014 15:51,10,56,53,17,190
WBAN:94846,CHICAGO OHARE INTERNATIONAL AIRPORT IL US,21-03-2014 16:51,10,55,55,8,190
WBAN:94846,CHICAGO OHARE INTERNATIONAL AIRPORT IL US,21-03-2014 17:51,10,57,44,16,240
WBAN:94846,CHICAGO OHARE INTERNATIONAL AIRPORT IL US,21-03-2014 18:51,10,55,51,13,270
WBAN:94846,CHICAGO OHARE INTERNATIONAL AIRPORT IL US,21-03-2014 19:51,10,51,61,17,280
WBAN:94846,CHICAGO OHARE INTERNATIONAL AIRPORT IL US,21-03-2014 20:51,10,48,54,14,300
WBAN:94846,CHICAGO OHARE INTERNATIONAL AIRPORT IL US,21-03-2014 21:51,10,46,56,13,310
WBAN:94846,CHICAGO OHARE INTERNATIONAL AIRPORT IL US,21-03-2014 22:51,10,42,65,18,300
WBAN:94846,CHICAGO OHARE INTERNATIONAL AIRPORT IL US,21-03-2014 23:51,10,40,65,17,300
WBAN:94846,CHICAGO OHARE INTERNATIONAL AIRPORT IL US,21-03-2014 23:59,10,32,61,10,0
WBAN:94846,CHICAGO OHARE INTERNATIONAL AIRPORT IL US,22-03-2014 00:51,10,39,65,14,300
WBAN:94846,CHICAGO OHARE INTERNATIONAL AIRPORT IL US,22-03-2014 01:51,10,40,55,20,330
WBAN:94846,CHICAGO OHARE INTERNATIONAL AIRPORT IL US,22-03-2014 02:51,10,39,60,17,310
WBAN:94846,CHICAGO OHARE INTERNATIONAL AIRPORT IL US,22-03-2014 03:51,10,38,62,14,320
WBAN:94846,CHICAGO OHARE INTERNATIONAL AIRPORT IL US,22-03-2014 04:51,10,38,62,13,320
WBAN:94846,CHICAGO OHARE INTERNATIONAL AIRPORT IL US,22-03-2014 05:51,10,37,62,11,320
WBAN:94846,CHICAGO OHARE INTERNATIONAL AIRPORT IL US,22-03-2014 06:51,10,37,62,11,310
WBAN:94846,CHICAGO OHARE INTERNATIONAL AIRPORT IL US,22-03-2014 07:51,10,37,62,8,300
WBAN:94846,CHICAGO OHARE INTERNATIONAL AIRPORT IL US,22-03-2014 08:51,10,40,53,13,340
WBAN:94846,CHICAGO OHARE INTERNATIONAL AIRPORT IL US,22-03-2014 09:51,10,40,51,14,330
WBAN:94846,CHICAGO OHARE INTERNATIONAL AIRPORT IL US,22-03-2014 10:51,10,41,51,15,330
WBAN:94846,CHICAGO OHARE INTERNATIONAL AIRPORT IL US,22-03-2014 11:51,10,41,51,15,310
WBAN:94846,CHICAGO OHARE INTERNATIONAL AIRPORT IL US,22-03-2014 12:51,10,40,53,11,310
WBAN:94846,CHICAGO OHARE INTERNATIONAL AIRPORT IL US,22-03-2014 13:51,10,40,49,13,290
WBAN:94846,CHICAGO OHARE INTERNATIONAL AIRPORT IL US,22-03-2014 14:51,10,39,55,16,300
WBAN:94846,CHICAGO OHARE INTERNATIONAL AIRPORT IL US,22-03-2014 15:51,10,39,48,15,310
WBAN:94846,CHICAGO OHARE INTERNATIONAL AIRPORT IL US,22-03-2014 16:51,10,36,48,14,290
WBAN:94846,CHICAGO OHARE INTERNATIONAL AIRPORT IL US,22-03-2014 17:51,10,35,48,14,320
WBAN:94846,CHICAGO OHARE INTERNATIONAL AIRPORT IL US,22-03-2014 18:51,10,35,44,14,330
WBAN:94846,CHICAGO OHARE INTERNATIONAL AIRPORT IL US,22-03-2014 19:51,10,34,44,11,340
WBAN:94846,CHICAGO OHARE INTERNATIONAL AIRPORT IL US,22-03-2014 20:51,10,32,45,11,340
WBAN:94846,CHICAGO OHARE INTERNATIONAL AIRPORT IL US,22-03-2014 21:51,10,31,42,14,10
WBAN:94846,CHICAGO OHARE INTERNATIONAL AIRPORT IL US,22-03-2014 22:51,10,29,45,10,360
WBAN:94846,CHICAGO OHARE INTERNATIONAL AIRPORT IL US,22-03-2014 23:51,10,27,45,15,350
WBAN:94846,CHICAGO OHARE INTERNATIONAL AIRPORT IL US,22-03-2014 23:59,10,32,61,10,0
WBAN:94846,CHICAGO OHARE INTERNATIONAL AIRPORT IL US,23-03-2014 00:51,10,25,46,16,340
WBAN:94846,CHICAGO OHARE INTERNATIONAL AIRPORT IL US,23-03-2014 01:51,10,24,48,14,360
WBAN:94846,CHICAGO OHARE INTERNATIONAL AIRPORT IL US,23-03-2014 02:51,10,23,50,15,340
WBAN:94846,CHICAGO OHARE INTERNATIONAL AIRPORT IL US,23-03-2014 03:51,10,22,52,15,340
WBAN:94846,CHICAGO OHARE INTERNATIONAL AIRPORT IL US,23-03-2014 04:51,10,21,54,13,340
WBAN:94846,CHICAGO OHARE INTERNATIONAL AIRPORT IL US,23-03-2014 05:51,10,20,57,10,350
WBAN:94846,CHICAGO OHARE INTERNATIONAL AIRPORT IL US,23-03-2014 06:51,10,21,54,11,350
WBAN:94846,CHICAGO OHARE INTERNATIONAL AIRPORT IL US,23-03-2014 07:51,10,22,48,11,360
WBAN:94846,CHICAGO OHARE INTERNATIONAL AIRPORT IL US,23-03-2014 08:51,10,23,48,9,360
WBAN:94846,CHICAGO OHARE INTERNATIONAL AIRPORT IL US,23-03-2014 09:51,10,26,44,9,360
WBAN:94846,CHICAGO OHARE INTERNATIONAL AIRPORT IL US,23-03-2014 10:51,10,27,45,10,300
WBAN:94846,CHICAGO OHARE INTERNATIONAL AIRPORT IL US,23-03-2014 11:51,10,28,41,11,310
WBAN:94846,CHICAGO OHARE INTERNATIONAL AIRPORT IL US,23-03-2014 12:51,10,30,38,9,330
WBAN:94846,CHICAGO OHARE INTERNATIONAL AIRPORT IL US,23-03-2014 13:51,10,29,36,3,300
WBAN:94846,CHICAGO OHARE INTERNATIONAL AIRPORT IL US,23-03-2014 14:51,10,31,36,10,280
WBAN:94846,CHICAGO OHARE INTERNATIONAL AIRPORT IL US,23-03-2014 15:51,10,31,35,8,280
WBAN:94846,CHICAGO OHARE INTERNATIONAL AIRPORT IL US,23-03-2014 16:51,10,28,43,11,320
WBAN:94846,CHICAGO OHARE INTERNATIONAL AIRPORT IL US,23-03-2014 17:51,10,28,41,10,340
WBAN:94846,CHICAGO OHARE INTERNATIONAL AIRPORT IL US,23-03-2014 18:51,10,27,41,7,340
WBAN:94846,CHICAGO OHARE INTERNATIONAL AIRPORT IL US,23-03-2014 19:51,10,25,53,7,100
WBAN:94846,CHICAGO OHARE INTERNATIONAL AIRPORT IL US,23-03-2014 20:51,10,21,65,7,150
WBAN:94846,CHICAGO OHARE INTERNATIONAL AIRPORT IL US,23-03-2014 21:51,10,20,68,7,170
WBAN:94846,CHICAGO OHARE INTERNATIONAL AIRPORT IL US,23-03-2014 22:51,10,21,65,6,190
WBAN:94846,CHICAGO OHARE INTERNATIONAL AIRPORT IL US,23-03-2014 23:51,10,21,65,5,220
WBAN:94846,CHICAGO OHARE INTERNATIONAL AIRPORT IL US,23-03-2014 23:59,10,32,61,10,0
WBAN:94846,CHICAGO OHARE INTERNATIONAL AIRPORT IL US,24-03-2014 00:51,10,21,65,5,220
WBAN:94846,CHICAGO OHARE INTERNATIONAL AIRPORT IL US,24-03-2014 01:51,10,20,68,5,240
WBAN:94846,CHICAGO OHARE INTERNATIONAL AIRPORT IL US,24-03-2014 02:51,10,21,62,6,330
WBAN:94846,CHICAGO OHARE INTERNATIONAL AIRPORT IL US,24-03-2014 03:51,10,21,57,8,340
WBAN:94846,CHICAGO OHARE INTERNATIONAL AIRPORT IL US,24-03-2014 04:51,10,20,60,7,350
WBAN:94846,CHICAGO OHARE INTERNATIONAL AIRPORT IL US,24-03-2014 05:51,10,20,55,7,350
WBAN:94846,CHICAGO OHARE INTERNATIONAL AIRPORT IL US,24-03-2014 06:51,10,22,50,5,360
WBAN:94846,CHICAGO OHARE INTERNATIONAL AIRPORT IL US,24-03-2014 07:51,10,23,44,5,330
WBAN:94846,CHICAGO OHARE INTERNATIONAL AIRPORT IL US,24-03-2014 08:51,10,26,40,6,310
WBAN:94846,CHICAGO OHARE INTERNATIONAL AIRPORT IL US,24-03-2014 09:51,10,28,37,7,280
WBAN:94846,CHICAGO OHARE INTERNATIONAL AIRPORT IL US,24-03-2014 10:51,10,29,34,8,300
WBAN:94846,CHICAGO OHARE INTERNATIONAL AIRPORT IL US,24-03-2014 11:51,10,32,30,3,0
WBAN:94846,CHICAGO OHARE INTERNATIONAL AIRPORT IL US,24-03-2014 12:51,10,32,32,7,310
WBAN:94846,CHICAGO OHARE INTERNATIONAL AIRPORT IL US,24-03-2014 13:51,10,34,32,8,270
WBAN:94846,CHICAGO OHARE INTERNATIONAL AIRPORT IL US,24-03-2014 14:51,10,34,34,8,290
WBAN:94846,CHICAGO OHARE INTERNATIONAL AIRPORT IL US,24-03-2014 15:51,10,35,34,10,250
WBAN:94846,CHICAGO OHARE INTERNATIONAL AIRPORT IL US,24-03-2014 16:51,10,34,37,11,280
WBAN:94846,CHICAGO OHARE INTERNATIONAL AIRPORT IL US,24-03-2014 17:51,10,32,41,9,270
WBAN:94846,CHICAGO OHARE INTERNATIONAL AIRPORT IL US,24-03-2014 18:51,10,31,45,8,230
WBAN:94846,CHICAGO OHARE INTERNATIONAL AIRPORT IL US,24-03-2014 19:51,10,30,49,7,230
WBAN:94846,CHICAGO OHARE INTERNATIONAL AIRPORT IL US,24-03-2014 20:51,10,29,51,8,220
WBAN:94846,CHICAGO OHARE INTERNATIONAL AIRPORT IL US,24-03-2014 21:51,10,29,54,8,230
WBAN:94846,CHICAGO OHARE INTERNATIONAL AIRPORT IL US,24-03-2014 22:51,10,29,56,7,230
WBAN:94846,CHICAGO OHARE INTERNATIONAL AIRPORT IL US,24-03-2014 23:51,10,31,56,13,240
WBAN:94846,CHICAGO OHARE INTERNATIONAL AIRPORT IL US,24-03-2014 23:59,10,32,61,10,0
WBAN:94846,CHICAGO OHARE INTERNATIONAL AIRPORT IL US,25-03-2014 00:51,4,30,75,13,290
WBAN:94846,CHICAGO OHARE INTERNATIONAL AIRPORT IL US,25-03-2014 01:51,10,27,75,8,300
WBAN:94846,CHICAGO OHARE INTERNATIONAL AIRPORT IL US,25-03-2014 02:51,7,27,75,8,20
WBAN:94846,CHICAGO OHARE INTERNATIONAL AIRPORT IL US,25-03-2014 03:51,4,26,71,14,360
WBAN:94846,CHICAGO OHARE INTERNATIONAL AIRPORT IL US,25-03-2014 04:51,10,25,63,15,320
WBAN:94846,CHICAGO OHARE INTERNATIONAL AIRPORT IL US,25-03-2014 05:51,10,23,63,11,310
WBAN:94846,CHICAGO OHARE INTERNATIONAL AIRPORT IL US,25-03-2014 06:51,10,24,55,11,310
WBAN:94846,CHICAGO OHARE INTERNATIONAL AIRPORT IL US,25-03-2014 07:51,10,25,55,18,320
WBAN:94846,CHICAGO OHARE INTERNATIONAL AIRPORT IL US,25-03-2014 08:51,10,25,58,20,340
WBAN:94846,CHICAGO OHARE INTERNATIONAL AIRPORT IL US,25-03-2014 09:51,10,25,53,16,320
WBAN:94846,CHICAGO OHARE INTERNATIONAL AIRPORT IL US,25-03-2014 10:51,10,25,50,14,320
WBAN:94846,CHICAGO OHARE INTERNATIONAL AIRPORT IL US,25-03-2014 11:51,10,26,46,15,310
WBAN:94846,CHICAGO OHARE INTERNATIONAL AIRPORT IL US,25-03-2014 12:51,10,27,45,16,290
WBAN:94846,CHICAGO OHARE INTERNATIONAL AIRPORT IL US,25-03-2014 13:51,10,28,41,17,310
WBAN:94846,CHICAGO OHARE INTERNATIONAL AIRPORT IL US,25-03-2014 14:51,10,28,37,20,330
WBAN:94846,CHICAGO OHARE INTERNATIONAL AIRPORT IL US,25-03-2014 15:51,10,27,37,16,320
WBAN:94846,CHICAGO OHARE INTERNATIONAL AIRPORT IL US,25-03-2014 16:51,10,28,34,15,320
WBAN:94846,CHICAGO OHARE INTERNATIONAL AIRPORT IL US,25-03-2014 17:51,10,26,37,17,320
WBAN:94846,CHICAGO OHARE INTERNATIONAL AIRPORT IL US,25-03-2014 18:51,10,25,39,11,300
WBAN:94846,CHICAGO OHARE INTERNATIONAL AIRPORT IL US,25-03-2014 19:51,10,25,40,8,310
WBAN:94846,CHICAGO OHARE INTERNATIONAL AIRPORT IL US,25-03-2014 20:51,10,24,44,8,300
WBAN:94846,CHICAGO OHARE INTERNATIONAL AIRPORT IL US,25-03-2014 21:51,10,23,48,9,290
WBAN:94846,CHICAGO OHARE INTERNATIONAL AIRPORT IL US,25-03-2014 22:51,10,22,52,7,320
WBAN:94846,CHICAGO OHARE INTERNATIONAL AIRPORT IL US,25-03-2014 23:51,10,21,50,7,320
WBAN:94846,CHICAGO OHARE INTERNATIONAL AIRPORT IL US,25-03-2014 23:59,10,32,61,10,0
WBAN:94846,CHICAGO OHARE INTERNATIONAL AIRPORT IL US,26-03-2014 00:51,10,20,50,5,350
WBAN:94846,CHICAGO OHARE INTERNATIONAL AIRPORT IL US,26-03-2014 01:51,10,19,49,5,360
WBAN:94846,CHICAGO OHARE INTERNATIONAL AIRPORT IL US,26-03-2014 02:51,10,18,54,3,320
WBAN:94846,CHICAGO OHARE INTERNATIONAL AIRPORT IL US,26-03-2014 03:51,10,18,57,0,0
WBAN:94846,CHICAGO OHARE INTERNATIONAL AIRPORT IL US,26-03-2014 04:51,10,17,62,0,0
WBAN:94846,CHICAGO OHARE INTERNATIONAL AIRPORT IL US,26-03-2014 05:51,10,16,67,3,250
WBAN:94846,CHICAGO OHARE INTERNATIONAL AIRPORT IL US,26-03-2014 06:51,10,20,57,0,0
WBAN:94846,CHICAGO OHARE INTERNATIONAL AIRPORT IL US,26-03-2014 07:51,10,22,44,5,190
WBAN:94846,CHICAGO OHARE INTERNATIONAL AIRPORT IL US,26-03-2014 08:51,10,25,40,7,190
WBAN:94846,CHICAGO OHARE INTERNATIONAL AIRPORT IL US,26-03-2014 09:51,10,28,37,10,180
WBAN:94846,CHICAGO OHARE INTERNATIONAL AIRPORT IL US,26-03-2014 10:51,10,30,36,13,200
WBAN:94846,CHICAGO OHARE INTERNATIONAL AIRPORT IL US,26-03-2014 11:51,10,32,35,11,230
WBAN:94846,CHICAGO OHARE INTERNATIONAL AIRPORT IL US,26-03-2014 12:51,10,35,34,8,200
WBAN:94846,CHICAGO OHARE INTERNATIONAL AIRPORT IL US,26-03-2014 13:51,10,37,34,13,170
WBAN:94846,CHICAGO OHARE INTERNATIONAL AIRPORT IL US,26-03-2014 14:51,10,38,34,13,180
WBAN:94846,CHICAGO OHARE INTERNATIONAL AIRPORT IL US,26-03-2014 15:51,10,38,36,13,0
WBAN:94846,CHICAGO OHARE INTERNATIONAL AIRPORT IL US,26-03-2014 16:51,10,38,39,16,170
WBAN:94846,CHICAGO OHARE INTERNATIONAL AIRPORT IL US,26-03-2014 17:51,10,37,42,21,180
WBAN:94846,CHICAGO OHARE INTERNATIONAL AIRPORT IL US,26-03-2014 18:51,10,37,42,13,170
WBAN:94846,CHICAGO OHARE INTERNATIONAL AIRPORT IL US,26-03-2014 19:51,10,37,42,18,170
WBAN:94846,CHICAGO OHARE INTERNATIONAL AIRPORT IL US,26-03-2014 20:51,10,38,41,15,180
WBAN:94846,CHICAGO OHARE INTERNATIONAL AIRPORT IL US,26-03-2014 21:51,10,38,43,18,190
WBAN:94846,CHICAGO OHARE INTERNATIONAL AIRPORT IL US,26-03-2014 22:51,10,39,39,23,200
WBAN:94846,CHICAGO OHARE INTERNATIONAL AIRPORT IL US,26-03-2014 23:51,10,38,41,18,200
WBAN:94846,CHICAGO OHARE INTERNATIONAL AIRPORT IL US,26-03-2014 23:59,10,32,61,10,0
WBAN:94846,CHICAGO OHARE INTERNATIONAL AIRPORT IL US,27-03-2014 00:51,10,38,43,17,190
WBAN:94846,CHICAGO OHARE INTERNATIONAL AIRPORT IL US,27-03-2014 01:51,10,39,41,16,200
WBAN:94846,CHICAGO OHARE INTERNATIONAL AIRPORT IL US,27-03-2014 02:51,10,38,52,18,200
WBAN:94846,CHICAGO OHARE INTERNATIONAL AIRPORT IL US,27-03-2014 03:51,10,35,72,15,190
WBAN:94846,CHICAGO OHARE INTERNATIONAL AIRPORT IL US,27-03-2014 04:51,10,35,72,15,180
WBAN:94846,CHICAGO OHARE INTERNATIONAL AIRPORT IL US,27-03-2014 05:51,10,34,79,14,180
WBAN:94846,CHICAGO OHARE INTERNATIONAL AIRPORT IL US,27-03-2014 06:51,6,35,78,14,180
WBAN:94846,CHICAGO OHARE INTERNATIONAL AIRPORT IL US,27-03-2014 07:51,8,36,79,14,190
WBAN:94846,CHICAGO OHARE INTERNATIONAL AIRPORT IL US,27-03-2014 08:51,8,38,79,18,180
WBAN:94846,CHICAGO OHARE INTERNATIONAL AIRPORT IL US,27-03-2014 09:51,3,38,83,17,190
WBAN:94846,CHICAGO OHARE INTERNATIONAL AIRPORT IL US,27-03-2014 10:51,3,39,79,20,180
WBAN:94846,CHICAGO OHARE INTERNATIONAL AIRPORT IL US,27-03-2014 11:51,5,39,79,16,180
WBAN:94846,CHICAGO OHARE INTERNATIONAL AIRPORT IL US,27-03-2014 12:51,10,42,76,18,190
WBAN:94846,CHICAGO OHARE INTERNATIONAL AIRPORT IL US,27-03-2014 13:51,8,43,80,17,190
WBAN:94846,CHICAGO OHARE INTERNATIONAL AIRPORT IL US,27-03-2014 14:51,10,44,76,18,190
WBAN:94846,CHICAGO OHARE INTERNATIONAL AIRPORT IL US,27-03-2014 15:51,6,44,79,15,190
WBAN:94846,CHICAGO OHARE INTERNATIONAL AIRPORT IL US,27-03-2014 16:51,10,46,77,13,180
WBAN:94846,CHICAGO OHARE INTERNATIONAL AIRPORT IL US,27-03-2014 17:51,8,48,77,16,180
WBAN:94846,CHICAGO OHARE INTERNATIONAL AIRPORT IL US,27-03-2014 18:51,10,49,77,21,190
WBAN:94846,CHICAGO OHARE INTERNATIONAL AIRPORT IL US,27-03-2014 19:51,8,49,77,20,190
WBAN:94846,CHICAGO OHARE INTERNATIONAL AIRPORT IL US,27-03-2014 20:51,10,50,77,18,190
WBAN:94846,CHICAGO OHARE INTERNATIONAL AIRPORT IL US,27-03-2014 21:51,5,50,80,17,190
WBAN:94846,CHICAGO OHARE INTERNATIONAL AIRPORT IL US,27-03-2014 22:51,10,53,77,24,200
WBAN:94846,CHICAGO OHARE INTERNATIONAL AIRPORT IL US,27-03-2014 23:51,10,55,74,24,210
WBAN:94846,CHICAGO OHARE INTERNATIONAL AIRPORT IL US,27-03-2014 23:59,10,32,61,10,0
WBAN:94846,CHICAGO OHARE INTERNATIONAL AIRPORT IL US,28-03-2014 00:51,10,50,71,24,250
WBAN:94846,CHICAGO OHARE INTERNATIONAL AIRPORT IL US,28-03-2014 01:51,10,45,77,22,240
WBAN:94846,CHICAGO OHARE INTERNATIONAL AIRPORT IL US,28-03-2014 02:51,6,44,83,15,250
WBAN:94846,CHICAGO OHARE INTERNATIONAL AIRPORT IL US,28-03-2014 03:51,4,42,85,14,240
WBAN:94846,CHICAGO OHARE INTERNATIONAL AIRPORT IL US,28-03-2014 04:51,10,42,82,23,320
WBAN:94846,CHICAGO OHARE INTERNATIONAL AIRPORT IL US,28-03-2014 05:51,10,37,79,20,340
WBAN:94846,CHICAGO OHARE INTERNATIONAL AIRPORT IL US,28-03-2014 06:51,6,36,82,15,320
WBAN:94846,CHICAGO OHARE INTERNATIONAL AIRPORT IL US,28-03-2014 07:51,10,38,79,15,320
WBAN:94846,CHICAGO OHARE INTERNATIONAL AIRPORT IL US,28-03-2014 08:51,10,39,73,14,340
WBAN:94846,CHICAGO OHARE INTERNATIONAL AIRPORT IL US,28-03-2014 09:51,10,38,73,14,330
WBAN:94846,CHICAGO OHARE INTERNATIONAL AIRPORT IL US,28-03-2014 10:51,10,39,70,11,340
WBAN:94846,CHICAGO OHARE INTERNATIONAL AIRPORT IL US,28-03-2014 11:51,10,40,65,6,350
WBAN:94846,CHICAGO OHARE INTERNATIONAL AIRPORT IL US,28-03-2014 12:51,10,40,65,6,220
WBAN:94846,CHICAGO OHARE INTERNATIONAL AIRPORT IL US,28-03-2014 13:51,10,40,65,6,270
WBAN:94846,CHICAGO OHARE INTERNATIONAL AIRPORT IL US,28-03-2014 14:51,10,41,62,5,300
WBAN:94846,CHICAGO OHARE INTERNATIONAL AIRPORT IL US,28-03-2014 15:51,10,39,67,10,70
WBAN:94846,CHICAGO OHARE INTERNATIONAL AIRPORT IL US,28-03-2014 16:51,10,38,65,7,80
WBAN:94846,CHICAGO OHARE INTERNATIONAL AIRPORT IL US,28-03-2014 17:51,10,37,67,8,80
WBAN:94846,CHICAGO OHARE INTERNATIONAL AIRPORT IL US,28-03-2014 18:51,10,36,67,9,40
WBAN:94846,CHICAGO OHARE INTERNATIONAL AIRPORT IL US,28-03-2014 19:51,10,35,70,9,60
WBAN:94846,CHICAGO OHARE INTERNATIONAL AIRPORT IL US,28-03-2014 20:51,10,35,70,9,70
WBAN:94846,CHICAGO OHARE INTERNATIONAL AIRPORT IL US,28-03-2014 21:51,10,34,73,9,80
WBAN:94846,CHICAGO OHARE INTERNATIONAL AIRPORT IL US,28-03-2014 22:51,10,34,70,9,90
WBAN:94846,CHICAGO OHARE INTERNATIONAL AIRPORT IL US,28-03-2014 23:51,10,34,70,3,100
WBAN:94846,CHICAGO OHARE INTERNATIONAL AIRPORT IL US,28-03-2014 23:59,10,32,61,10,0
WBAN:94846,CHICAGO OHARE INTERNATIONAL AIRPORT IL US,29-03-2014 00:51,10,34,67,3,360
WBAN:94846,CHICAGO OHARE INTERNATIONAL AIRPORT IL US,29-03-2014 01:51,10,33,72,6,360
WBAN:94846,CHICAGO OHARE INTERNATIONAL AIRPORT IL US,29-03-2014 02:51,10,33,72,9,30
WBAN:94846,CHICAGO OHARE INTERNATIONAL AIRPORT IL US,29-03-2014 03:51,10,33,72,10,20
WBAN:94846,CHICAGO OHARE INTERNATIONAL AIRPORT IL US,29-03-2014 04:51,10,33,72,13,10
WBAN:94846,CHICAGO OHARE INTERNATIONAL AIRPORT IL US,29-03-2014 05:51,10,33,75,10,20
WBAN:94846,CHICAGO OHARE INTERNATIONAL AIRPORT IL US,29-03-2014 06:51,10,33,75,14,20
WBAN:94846,CHICAGO OHARE INTERNATIONAL AIRPORT IL US,29-03-2014 07:51,10,33,78,14,30
WBAN:94846,CHICAGO OHARE INTERNATIONAL AIRPORT IL US,29-03-2014 08:51,10,35,72,14,30
WBAN:94846,CHICAGO OHARE INTERNATIONAL AIRPORT IL US,29-03-2014 09:51,10,36,70,11,30
WBAN:94846,CHICAGO OHARE INTERNATIONAL AIRPORT IL US,29-03-2014 10:51,10,36,70,14,30
WBAN:94846,CHICAGO OHARE INTERNATIONAL AIRPORT IL US,29-03-2014 11:51,10,37,67,20,20
WBAN:94846,CHICAGO OHARE INTERNATIONAL AIRPORT IL US,29-03-2014 12:51,10,38,62,16,30
WBAN:94846,CHICAGO OHARE INTERNATIONAL AIRPORT IL US,29-03-2014 13:51,10,39,57,17,40
WBAN:94846,CHICAGO OHARE INTERNATIONAL AIRPORT IL US,29-03-2014 14:51,10,40,58,17,20
WBAN:94846,CHICAGO OHARE INTERNATIONAL AIRPORT IL US,29-03-2014 15:51,10,41,53,15,40
WBAN:94846,CHICAGO OHARE INTERNATIONAL AIRPORT IL US,29-03-2014 16:51,10,39,43,14,40
WBAN:94846,CHICAGO OHARE INTERNATIONAL AIRPORT IL US,29-03-2014 17:51,10,37,36,9,40
WBAN:94846,CHICAGO OHARE INTERNATIONAL AIRPORT IL US,29-03-2014 18:51,10,34,46,5,40
WBAN:94846,CHICAGO OHARE INTERNATIONAL AIRPORT IL US,29-03-2014 19:51,10,33,49,3,20
WBAN:94846,CHICAGO OHARE INTERNATIONAL AIRPORT IL US,29-03-2014 20:51,10,33,47,3,20
WBAN:94846,CHICAGO OHARE INTERNATIONAL AIRPORT IL US,29-03-2014 21:51,10,30,58,5,340
WBAN:94846,CHICAGO OHARE INTERNATIONAL AIRPORT IL US,29-03-2014 22:51,10,29,61,0,0
WBAN:94846,CHICAGO OHARE INTERNATIONAL AIRPORT IL US,29-03-2014 23:51,10,29,58,0,0
WBAN:94846,CHICAGO OHARE INTERNATIONAL AIRPORT IL US,29-03-2014 23:59,10,32,61,10,0
WBAN:94846,CHICAGO OHARE INTERNATIONAL AIRPORT IL US,30-03-2014 00:51,10,28,63,0,0
WBAN:94846,CHICAGO OHARE INTERNATIONAL AIRPORT IL US,30-03-2014 01:51,10,28,63,3,300
WBAN:94846,CHICAGO OHARE INTERNATIONAL AIRPORT IL US,30-03-2014 02:51,10,28,63,0,0
WBAN:94846,CHICAGO OHARE INTERNATIONAL AIRPORT IL US,30-03-2014 03:51,10,26,71,0,0
WBAN:94846,CHICAGO OHARE INTERNATIONAL AIRPORT IL US,30-03-2014 04:51,10,26,71,0,0
WBAN:94846,CHICAGO OHARE INTERNATIONAL AIRPORT IL US,30-03-2014 05:51,10,27,69,0,0
WBAN:94846,CHICAGO OHARE INTERNATIONAL AIRPORT IL US,30-03-2014 06:51,10,31,67,0,0
WBAN:94846,CHICAGO OHARE INTERNATIONAL AIRPORT IL US,30-03-2014 07:51,10,35,64,3,0
WBAN:94846,CHICAGO OHARE INTERNATIONAL AIRPORT IL US,30-03-2014 08:51,10,39,48,7,190
WBAN:94846,CHICAGO OHARE INTERNATIONAL AIRPORT IL US,30-03-2014 09:51,10,44,37,6,220
WBAN:94846,CHICAGO OHARE INTERNATIONAL AIRPORT IL US,30-03-2014 10:51,10,46,35,0,0
WBAN:94846,CHICAGO OHARE INTERNATIONAL AIRPORT IL US,30-03-2014 11:51,10,50,32,5,0
WBAN:94846,CHICAGO OHARE INTERNATIONAL AIRPORT IL US,30-03-2014 12:51,10,53,32,13,200
WBAN:94846,CHICAGO OHARE INTERNATIONAL AIRPORT IL US,30-03-2014 13:51,10,55,30,14,210
WBAN:94846,CHICAGO OHARE INTERNATIONAL AIRPORT IL US,30-03-2014 14:51,10,57,29,11,190
WBAN:94846,CHICAGO OHARE INTERNATIONAL AIRPORT IL US,30-03-2014 15:51,10,57,30,13,220
WBAN:94846,CHICAGO OHARE INTERNATIONAL AIRPORT IL US,30-03-2014 16:51,10,55,35,14,220
WBAN:94846,CHICAGO OHARE INTERNATIONAL AIRPORT IL US,30-03-2014 17:51,10,53,40,10,190
WBAN:94846,CHICAGO OHARE INTERNATIONAL AIRPORT IL US,30-03-2014 18:51,10,48,52,9,170
WBAN:94846,CHICAGO OHARE INTERNATIONAL AIRPORT IL US,30-03-2014 19:51,10,47,56,8,190
WBAN:94846,CHICAGO OHARE INTERNATIONAL AIRPORT IL US,30-03-2014 20:51,10,44,60,7,180
WBAN:94846,CHICAGO OHARE INTERNATIONAL AIRPORT IL US,30-03-2014 21:51,10,41,65,8,160
WBAN:94846,CHICAGO OHARE INTERNATIONAL AIRPORT IL US,30-03-2014 22:51,10,45,56,8,180
WBAN:94846,CHICAGO OHARE INTERNATIONAL AIRPORT IL US,30-03-2014 23:51,10,44,58,8,180
WBAN:94846,CHICAGO OHARE INTERNATIONAL AIRPORT IL US,30-03-2014 23:59,10,32,61,10,0
WBAN:94846,CHICAGO OHARE INTERNATIONAL AIRPORT IL US,31-03-2014 00:51,10,45,56,9,180
WBAN:94846,CHICAGO OHARE INTERNATIONAL AIRPORT IL US,31-03-2014 01:51,10,45,56,9,190
WBAN:94846,CHICAGO OHARE INTERNATIONAL AIRPORT IL US,31-03-2014 02:51,10,47,52,11,190
WBAN:94846,CHICAGO OHARE INTERNATIONAL AIRPORT IL US,31-03-2014 03:51,10,46,54,8,190
WBAN:94846,CHICAGO OHARE INTERNATIONAL AIRPORT IL US,31-03-2014 04:51,10,43,60,7,160
WBAN:94846,CHICAGO OHARE INTERNATIONAL AIRPORT IL US,31-03-2014 05:51,10,43,63,8,150
WBAN:94846,CHICAGO OHARE INTERNATIONAL AIRPORT IL US,31-03-2014 06:51,10,46,56,9,180
WBAN:94846,CHICAGO OHARE INTERNATIONAL AIRPORT IL US,31-03-2014 07:51,10,50,50,13,170
WBAN:94846,CHICAGO OHARE INTERNATIONAL AIRPORT IL US,31-03-2014 08:51,10,52,47,15,180
WBAN:94846,CHICAGO OHARE INTERNATIONAL AIRPORT IL US,31-03-2014 09:51,10,58,38,15,180
WBAN:94846,CHICAGO OHARE INTERNATIONAL AIRPORT IL US,31-03-2014 10:51,10,62,28,24,200
WBAN:94846,CHICAGO OHARE INTERNATIONAL AIRPORT IL US,31-03-2014 11:51,10,65,26,21,190
WBAN:94846,CHICAGO OHARE INTERNATIONAL AIRPORT IL US,31-03-2014 12:51,10,67,24,23,160
WBAN:94846,CHICAGO OHARE INTERNATIONAL AIRPORT IL US,31-03-2014 13:51,10,67,25,26,170
WBAN:94846,CHICAGO OHARE INTERNATIONAL AIRPORT IL US,31-03-2014 14:51,10,64,29,24,160
WBAN:94846,CHICAGO OHARE INTERNATIONAL AIRPORT IL US,31-03-2014 15:51,10,64,26,29,170
WBAN:94846,CHICAGO OHARE INTERNATIONAL AIRPORT IL US,31-03-2014 16:51,10,64,25,25,160
WBAN:94846,CHICAGO OHARE INTERNATIONAL AIRPORT IL US,31-03-2014 17:51,10,63,26,21,170
WBAN:94846,CHICAGO OHARE INTERNATIONAL AIRPORT IL US,31-03-2014 18:51,10,62,26,25,170
WBAN:94846,CHICAGO OHARE INTERNATIONAL AIRPORT IL US,31-03-2014 19:51,10,60,35,25,170
WBAN:94846,CHICAGO OHARE INTERNATIONAL AIRPORT IL US,31-03-2014 20:51,10,59,36,20,170
WBAN:94846,CHICAGO OHARE INTERNATIONAL AIRPORT IL US,31-03-2014 21:51,10,56,49,18,180
